Connecticut,Connecticut
Connecticut,Stetson
Connecticut,FL Atlantic
Connecticut,Northwestern
Connecticut,San Diego St
Connecticut,UAB
Connecticut,Auburn
Connecticut,Yale
Connecticut,BYU
Connecticut,Duquesne
Connecticut,Illinois
Connecticut,Morehead St
Connecticut,Washington St
Connecticut,Drake
Connecticut,Iowa St
Connecticut,S Dakota St
Connecticut,Houston
Connecticut,Longwood
Connecticut,Nebraska
Connecticut,Texas A&M
Connecticut,Wisconsin
Connecticut,James Madison
Connecticut,Duke
Connecticut,Vermont
Connecticut,Texas Tech
Connecticut,NC State
Connecticut,Kentucky
Connecticut,Oakland
Connecticut,Florida
Connecticut,Boise St
Connecticut,Marquette
Connecticut,WKU
Connecticut,North Carolina
Connecticut,Wagner
Connecticut,Mississippi St
Connecticut,Michigan St
Connecticut,St Mary's CA
Connecticut,Grand Canyon
Connecticut,Alabama
Connecticut,Charleston So
Connecticut,Clemson
Connecticut,New Mexico
Connecticut,Baylor
Connecticut,Colgate
Connecticut,Dayton
Connecticut,Nevada
Connecticut,Arizona
Connecticut,Long Beach St
Connecticut,Purdue
Connecticut,Montana St
Connecticut,Utah St
Connecticut,TCU
Connecticut,Gonzaga
Connecticut,McNeese St
Connecticut,Kansas
Connecticut,Samford
Connecticut,South Carolina
Connecticut,Oregon
Connecticut,Creighton
Connecticut,Akron
Connecticut,Texas
Connecticut,Virginia
Connecticut,Tennessee
Connecticut,St Peter's
Stetson,Connecticut
Stetson,Stetson
Stetson,FL Atlantic
Stetson,Northwestern
Stetson,San Diego St
Stetson,UAB
Stetson,Auburn
Stetson,Yale
Stetson,BYU
Stetson,Duquesne
Stetson,Illinois
Stetson,Morehead St
Stetson,Washington St
Stetson,Drake
Stetson,Iowa St
Stetson,S Dakota St
Stetson,Houston
Stetson,Longwood
Stetson,Nebraska
Stetson,Texas A&M
Stetson,Wisconsin
Stetson,James Madison
Stetson,Duke
Stetson,Vermont
Stetson,Texas Tech
Stetson,NC State
Stetson,Kentucky
Stetson,Oakland
Stetson,Florida
Stetson,Boise St
Stetson,Marquette
Stetson,WKU
Stetson,North Carolina
Stetson,Wagner
Stetson,Mississippi St
Stetson,Michigan St
Stetson,St Mary's CA
Stetson,Grand Canyon
Stetson,Alabama
Stetson,Charleston So
Stetson,Clemson
Stetson,New Mexico
Stetson,Baylor
Stetson,Colgate
Stetson,Dayton
Stetson,Nevada
Stetson,Arizona
Stetson,Long Beach St
Stetson,Purdue
Stetson,Montana St
Stetson,Utah St
Stetson,TCU
Stetson,Gonzaga
Stetson,McNeese St
Stetson,Kansas
Stetson,Samford
Stetson,South Carolina
Stetson,Oregon
Stetson,Creighton
Stetson,Akron
Stetson,Texas
Stetson,Virginia
Stetson,Tennessee
Stetson,St Peter's
FL Atlantic,Connecticut
FL Atlantic,Stetson
FL Atlantic,FL Atlantic
FL Atlantic,Northwestern
FL Atlantic,San Diego St
FL Atlantic,UAB
FL Atlantic,Auburn
FL Atlantic,Yale
FL Atlantic,BYU
FL Atlantic,Duquesne
FL Atlantic,Illinois
FL Atlantic,Morehead St
FL Atlantic,Washington St
FL Atlantic,Drake
FL Atlantic,Iowa St
FL Atlantic,S Dakota St
FL Atlantic,Houston
FL Atlantic,Longwood
FL Atlantic,Nebraska
FL Atlantic,Texas A&M
FL Atlantic,Wisconsin
FL Atlantic,James Madison
FL Atlantic,Duke
FL Atlantic,Vermont
FL Atlantic,Texas Tech
FL Atlantic,NC State
FL Atlantic,Kentucky
FL Atlantic,Oakland
FL Atlantic,Florida
FL Atlantic,Boise St
FL Atlantic,Marquette
FL Atlantic,WKU
FL Atlantic,North Carolina
FL Atlantic,Wagner
FL Atlantic,Mississippi St
FL Atlantic,Michigan St
FL Atlantic,St Mary's CA
FL Atlantic,Grand Canyon
FL Atlantic,Alabama
FL Atlantic,Charleston So
FL Atlantic,Clemson
FL Atlantic,New Mexico
FL Atlantic,Baylor
FL Atlantic,Colgate
FL Atlantic,Dayton
FL Atlantic,Nevada
FL Atlantic,Arizona
FL Atlantic,Long Beach St
FL Atlantic,Purdue
FL Atlantic,Montana St
FL Atlantic,Utah St
FL Atlantic,TCU
FL Atlantic,Gonzaga
FL Atlantic,McNeese St
FL Atlantic,Kansas
FL Atlantic,Samford
FL Atlantic,South Carolina
FL Atlantic,Oregon
FL Atlantic,Creighton
FL Atlantic,Akron
FL Atlantic,Texas
FL Atlantic,Virginia
FL Atlantic,Tennessee
FL Atlantic,St Peter's
Northwestern,Connecticut
Northwestern,Stetson
Northwestern,FL Atlantic
Northwestern,Northwestern
Northwestern,San Diego St
Northwestern,UAB
Northwestern,Auburn
Northwestern,Yale
Northwestern,BYU
Northwestern,Duquesne
Northwestern,Illinois
Northwestern,Morehead St
Northwestern,Washington St
Northwestern,Drake
Northwestern,Iowa St
Northwestern,S Dakota St
Northwestern,Houston
Northwestern,Longwood
Northwestern,Nebraska
Northwestern,Texas A&M
Northwestern,Wisconsin
Northwestern,James Madison
Northwestern,Duke
Northwestern,Vermont
Northwestern,Texas Tech
Northwestern,NC State
Northwestern,Kentucky
Northwestern,Oakland
Northwestern,Florida
Northwestern,Boise St
Northwestern,Marquette
Northwestern,WKU
Northwestern,North Carolina
Northwestern,Wagner
Northwestern,Mississippi St
Northwestern,Michigan St
Northwestern,St Mary's CA
Northwestern,Grand Canyon
Northwestern,Alabama
Northwestern,Charleston So
Northwestern,Clemson
Northwestern,New Mexico
Northwestern,Baylor
Northwestern,Colgate
Northwestern,Dayton
Northwestern,Nevada
Northwestern,Arizona
Northwestern,Long Beach St
Northwestern,Purdue
Northwestern,Montana St
Northwestern,Utah St
Northwestern,TCU
Northwestern,Gonzaga
Northwestern,McNeese St
Northwestern,Kansas
Northwestern,Samford
Northwestern,South Carolina
Northwestern,Oregon
Northwestern,Creighton
Northwestern,Akron
Northwestern,Texas
Northwestern,Virginia
Northwestern,Tennessee
Northwestern,St Peter's
San Diego St,Connecticut
San Diego St,Stetson
San Diego St,FL Atlantic
San Diego St,Northwestern
San Diego St,San Diego St
San Diego St,UAB
San Diego St,Auburn
San Diego St,Yale
San Diego St,BYU
San Diego St,Duquesne
San Diego St,Illinois
San Diego St,Morehead St
San Diego St,Washington St
San Diego St,Drake
San Diego St,Iowa St
San Diego St,S Dakota St
San Diego St,Houston
San Diego St,Longwood
San Diego St,Nebraska
San Diego St,Texas A&M
San Diego St,Wisconsin
San Diego St,James Madison
San Diego St,Duke
San Diego St,Vermont
San Diego St,Texas Tech
San Diego St,NC State
San Diego St,Kentucky
San Diego St,Oakland
San Diego St,Florida
San Diego St,Boise St
San Diego St,Marquette
San Diego St,WKU
San Diego St,North Carolina
San Diego St,Wagner
San Diego St,Mississippi St
San Diego St,Michigan St
San Diego St,St Mary's CA
San Diego St,Grand Canyon
San Diego St,Alabama
San Diego St,Charleston So
San Diego St,Clemson
San Diego St,New Mexico
San Diego St,Baylor
San Diego St,Colgate
San Diego St,Dayton
San Diego St,Nevada
San Diego St,Arizona
San Diego St,Long Beach St
San Diego St,Purdue
San Diego St,Montana St
San Diego St,Utah St
San Diego St,TCU
San Diego St,Gonzaga
San Diego St,McNeese St
San Diego St,Kansas
San Diego St,Samford
San Diego St,South Carolina
San Diego St,Oregon
San Diego St,Creighton
San Diego St,Akron
San Diego St,Texas
San Diego St,Virginia
San Diego St,Tennessee
San Diego St,St Peter's
UAB,Connecticut
UAB,Stetson
UAB,FL Atlantic
UAB,Northwestern
UAB,San Diego St
UAB,UAB
UAB,Auburn
UAB,Yale
UAB,BYU
UAB,Duquesne
UAB,Illinois
UAB,Morehead St
UAB,Washington St
UAB,Drake
UAB,Iowa St
UAB,S Dakota St
UAB,Houston
UAB,Longwood
UAB,Nebraska
UAB,Texas A&M
UAB,Wisconsin
UAB,James Madison
UAB,Duke
UAB,Vermont
UAB,Texas Tech
UAB,NC State
UAB,Kentucky
UAB,Oakland
UAB,Florida
UAB,Boise St
UAB,Marquette
UAB,WKU
UAB,North Carolina
UAB,Wagner
UAB,Mississippi St
UAB,Michigan St
UAB,St Mary's CA
UAB,Grand Canyon
UAB,Alabama
UAB,Charleston So
UAB,Clemson
UAB,New Mexico
UAB,Baylor
UAB,Colgate
UAB,Dayton
UAB,Nevada
UAB,Arizona
UAB,Long Beach St
UAB,Purdue
UAB,Montana St
UAB,Utah St
UAB,TCU
UAB,Gonzaga
UAB,McNeese St
UAB,Kansas
UAB,Samford
UAB,South Carolina
UAB,Oregon
UAB,Creighton
UAB,Akron
UAB,Texas
UAB,Virginia
UAB,Tennessee
UAB,St Peter's
Auburn,Connecticut
Auburn,Stetson
Auburn,FL Atlantic
Auburn,Northwestern
Auburn,San Diego St
Auburn,UAB
Auburn,Auburn
Auburn,Yale
Auburn,BYU
Auburn,Duquesne
Auburn,Illinois
Auburn,Morehead St
Auburn,Washington St
Auburn,Drake
Auburn,Iowa St
Auburn,S Dakota St
Auburn,Houston
Auburn,Longwood
Auburn,Nebraska
Auburn,Texas A&M
Auburn,Wisconsin
Auburn,James Madison
Auburn,Duke
Auburn,Vermont
Auburn,Texas Tech
Auburn,NC State
Auburn,Kentucky
Auburn,Oakland
Auburn,Florida
Auburn,Boise St
Auburn,Marquette
Auburn,WKU
Auburn,North Carolina
Auburn,Wagner
Auburn,Mississippi St
Auburn,Michigan St
Auburn,St Mary's CA
Auburn,Grand Canyon
Auburn,Alabama
Auburn,Charleston So
Auburn,Clemson
Auburn,New Mexico
Auburn,Baylor
Auburn,Colgate
Auburn,Dayton
Auburn,Nevada
Auburn,Arizona
Auburn,Long Beach St
Auburn,Purdue
Auburn,Montana St
Auburn,Utah St
Auburn,TCU
Auburn,Gonzaga
Auburn,McNeese St
Auburn,Kansas
Auburn,Samford
Auburn,South Carolina
Auburn,Oregon
Auburn,Creighton
Auburn,Akron
Auburn,Texas
Auburn,Virginia
Auburn,Tennessee
Auburn,St Peter's
Yale,Connecticut
Yale,Stetson
Yale,FL Atlantic
Yale,Northwestern
Yale,San Diego St
Yale,UAB
Yale,Auburn
Yale,Yale
Yale,BYU
Yale,Duquesne
Yale,Illinois
Yale,Morehead St
Yale,Washington St
Yale,Drake
Yale,Iowa St
Yale,S Dakota St
Yale,Houston
Yale,Longwood
Yale,Nebraska
Yale,Texas A&M
Yale,Wisconsin
Yale,James Madison
Yale,Duke
Yale,Vermont
Yale,Texas Tech
Yale,NC State
Yale,Kentucky
Yale,Oakland
Yale,Florida
Yale,Boise St
Yale,Marquette
Yale,WKU
Yale,North Carolina
Yale,Wagner
Yale,Mississippi St
Yale,Michigan St
Yale,St Mary's CA
Yale,Grand Canyon
Yale,Alabama
Yale,Charleston So
Yale,Clemson
Yale,New Mexico
Yale,Baylor
Yale,Colgate
Yale,Dayton
Yale,Nevada
Yale,Arizona
Yale,Long Beach St
Yale,Purdue
Yale,Montana St
Yale,Utah St
Yale,TCU
Yale,Gonzaga
Yale,McNeese St
Yale,Kansas
Yale,Samford
Yale,South Carolina
Yale,Oregon
Yale,Creighton
Yale,Akron
Yale,Texas
Yale,Virginia
Yale,Tennessee
Yale,St Peter's
BYU,Connecticut
BYU,Stetson
BYU,FL Atlantic
BYU,Northwestern
BYU,San Diego St
BYU,UAB
BYU,Auburn
BYU,Yale
BYU,BYU
BYU,Duquesne
BYU,Illinois
BYU,Morehead St
BYU,Washington St
BYU,Drake
BYU,Iowa St
BYU,S Dakota St
BYU,Houston
BYU,Longwood
BYU,Nebraska
BYU,Texas A&M
BYU,Wisconsin
BYU,James Madison
BYU,Duke
BYU,Vermont
BYU,Texas Tech
BYU,NC State
BYU,Kentucky
BYU,Oakland
BYU,Florida
BYU,Boise St
BYU,Marquette
BYU,WKU
BYU,North Carolina
BYU,Wagner
BYU,Mississippi St
BYU,Michigan St
BYU,St Mary's CA
BYU,Grand Canyon
BYU,Alabama
BYU,Charleston So
BYU,Clemson
BYU,New Mexico
BYU,Baylor
BYU,Colgate
BYU,Dayton
BYU,Nevada
BYU,Arizona
BYU,Long Beach St
BYU,Purdue
BYU,Montana St
BYU,Utah St
BYU,TCU
BYU,Gonzaga
BYU,McNeese St
BYU,Kansas
BYU,Samford
BYU,South Carolina
BYU,Oregon
BYU,Creighton
BYU,Akron
BYU,Texas
BYU,Virginia
BYU,Tennessee
BYU,St Peter's
Duquesne,Connecticut
Duquesne,Stetson
Duquesne,FL Atlantic
Duquesne,Northwestern
Duquesne,San Diego St
Duquesne,UAB
Duquesne,Auburn
Duquesne,Yale
Duquesne,BYU
Duquesne,Duquesne
Duquesne,Illinois
Duquesne,Morehead St
Duquesne,Washington St
Duquesne,Drake
Duquesne,Iowa St
Duquesne,S Dakota St
Duquesne,Houston
Duquesne,Longwood
Duquesne,Nebraska
Duquesne,Texas A&M
Duquesne,Wisconsin
Duquesne,James Madison
Duquesne,Duke
Duquesne,Vermont
Duquesne,Texas Tech
Duquesne,NC State
Duquesne,Kentucky
Duquesne,Oakland
Duquesne,Florida
Duquesne,Boise St
Duquesne,Marquette
Duquesne,WKU
Duquesne,North Carolina
Duquesne,Wagner
Duquesne,Mississippi St
Duquesne,Michigan St
Duquesne,St Mary's CA
Duquesne,Grand Canyon
Duquesne,Alabama
Duquesne,Charleston So
Duquesne,Clemson
Duquesne,New Mexico
Duquesne,Baylor
Duquesne,Colgate
Duquesne,Dayton
Duquesne,Nevada
Duquesne,Arizona
Duquesne,Long Beach St
Duquesne,Purdue
Duquesne,Montana St
Duquesne,Utah St
Duquesne,TCU
Duquesne,Gonzaga
Duquesne,McNeese St
Duquesne,Kansas
Duquesne,Samford
Duquesne,South Carolina
Duquesne,Oregon
Duquesne,Creighton
Duquesne,Akron
Duquesne,Texas
Duquesne,Virginia
Duquesne,Tennessee
Duquesne,St Peter's
Illinois,Connecticut
Illinois,Stetson
Illinois,FL Atlantic
Illinois,Northwestern
Illinois,San Diego St
Illinois,UAB
Illinois,Auburn
Illinois,Yale
Illinois,BYU
Illinois,Duquesne
Illinois,Illinois
Illinois,Morehead St
Illinois,Washington St
Illinois,Drake
Illinois,Iowa St
Illinois,S Dakota St
Illinois,Houston
Illinois,Longwood
Illinois,Nebraska
Illinois,Texas A&M
Illinois,Wisconsin
Illinois,James Madison
Illinois,Duke
Illinois,Vermont
Illinois,Texas Tech
Illinois,NC State
Illinois,Kentucky
Illinois,Oakland
Illinois,Florida
Illinois,Boise St
Illinois,Marquette
Illinois,WKU
Illinois,North Carolina
Illinois,Wagner
Illinois,Mississippi St
Illinois,Michigan St
Illinois,St Mary's CA
Illinois,Grand Canyon
Illinois,Alabama
Illinois,Charleston So
Illinois,Clemson
Illinois,New Mexico
Illinois,Baylor
Illinois,Colgate
Illinois,Dayton
Illinois,Nevada
Illinois,Arizona
Illinois,Long Beach St
Illinois,Purdue
Illinois,Montana St
Illinois,Utah St
Illinois,TCU
Illinois,Gonzaga
Illinois,McNeese St
Illinois,Kansas
Illinois,Samford
Illinois,South Carolina
Illinois,Oregon
Illinois,Creighton
Illinois,Akron
Illinois,Texas
Illinois,Virginia
Illinois,Tennessee
Illinois,St Peter's
Morehead St,Connecticut
Morehead St,Stetson
Morehead St,FL Atlantic
Morehead St,Northwestern
Morehead St,San Diego St
Morehead St,UAB
Morehead St,Auburn
Morehead St,Yale
Morehead St,BYU
Morehead St,Duquesne
Morehead St,Illinois
Morehead St,Morehead St
Morehead St,Washington St
Morehead St,Drake
Morehead St,Iowa St
Morehead St,S Dakota St
Morehead St,Houston
Morehead St,Longwood
Morehead St,Nebraska
Morehead St,Texas A&M
Morehead St,Wisconsin
Morehead St,James Madison
Morehead St,Duke
Morehead St,Vermont
Morehead St,Texas Tech
Morehead St,NC State
Morehead St,Kentucky
Morehead St,Oakland
Morehead St,Florida
Morehead St,Boise St
Morehead St,Marquette
Morehead St,WKU
Morehead St,North Carolina
Morehead St,Wagner
Morehead St,Mississippi St
Morehead St,Michigan St
Morehead St,St Mary's CA
Morehead St,Grand Canyon
Morehead St,Alabama
Morehead St,Charleston So
Morehead St,Clemson
Morehead St,New Mexico
Morehead St,Baylor
Morehead St,Colgate
Morehead St,Dayton
Morehead St,Nevada
Morehead St,Arizona
Morehead St,Long Beach St
Morehead St,Purdue
Morehead St,Montana St
Morehead St,Utah St
Morehead St,TCU
Morehead St,Gonzaga
Morehead St,McNeese St
Morehead St,Kansas
Morehead St,Samford
Morehead St,South Carolina
Morehead St,Oregon
Morehead St,Creighton
Morehead St,Akron
Morehead St,Texas
Morehead St,Virginia
Morehead St,Tennessee
Morehead St,St Peter's
Washington St,Connecticut
Washington St,Stetson
Washington St,FL Atlantic
Washington St,Northwestern
Washington St,San Diego St
Washington St,UAB
Washington St,Auburn
Washington St,Yale
Washington St,BYU
Washington St,Duquesne
Washington St,Illinois
Washington St,Morehead St
Washington St,Washington St
Washington St,Drake
Washington St,Iowa St
Washington St,S Dakota St
Washington St,Houston
Washington St,Longwood
Washington St,Nebraska
Washington St,Texas A&M
Washington St,Wisconsin
Washington St,James Madison
Washington St,Duke
Washington St,Vermont
Washington St,Texas Tech
Washington St,NC State
Washington St,Kentucky
Washington St,Oakland
Washington St,Florida
Washington St,Boise St
Washington St,Marquette
Washington St,WKU
Washington St,North Carolina
Washington St,Wagner
Washington St,Mississippi St
Washington St,Michigan St
Washington St,St Mary's CA
Washington St,Grand Canyon
Washington St,Alabama
Washington St,Charleston So
Washington St,Clemson
Washington St,New Mexico
Washington St,Baylor
Washington St,Colgate
Washington St,Dayton
Washington St,Nevada
Washington St,Arizona
Washington St,Long Beach St
Washington St,Purdue
Washington St,Montana St
Washington St,Utah St
Washington St,TCU
Washington St,Gonzaga
Washington St,McNeese St
Washington St,Kansas
Washington St,Samford
Washington St,South Carolina
Washington St,Oregon
Washington St,Creighton
Washington St,Akron
Washington St,Texas
Washington St,Virginia
Washington St,Tennessee
Washington St,St Peter's
Drake,Connecticut
Drake,Stetson
Drake,FL Atlantic
Drake,Northwestern
Drake,San Diego St
Drake,UAB
Drake,Auburn
Drake,Yale
Drake,BYU
Drake,Duquesne
Drake,Illinois
Drake,Morehead St
Drake,Washington St
Drake,Drake
Drake,Iowa St
Drake,S Dakota St
Drake,Houston
Drake,Longwood
Drake,Nebraska
Drake,Texas A&M
Drake,Wisconsin
Drake,James Madison
Drake,Duke
Drake,Vermont
Drake,Texas Tech
Drake,NC State
Drake,Kentucky
Drake,Oakland
Drake,Florida
Drake,Boise St
Drake,Marquette
Drake,WKU
Drake,North Carolina
Drake,Wagner
Drake,Mississippi St
Drake,Michigan St
Drake,St Mary's CA
Drake,Grand Canyon
Drake,Alabama
Drake,Charleston So
Drake,Clemson
Drake,New Mexico
Drake,Baylor
Drake,Colgate
Drake,Dayton
Drake,Nevada
Drake,Arizona
Drake,Long Beach St
Drake,Purdue
Drake,Montana St
Drake,Utah St
Drake,TCU
Drake,Gonzaga
Drake,McNeese St
Drake,Kansas
Drake,Samford
Drake,South Carolina
Drake,Oregon
Drake,Creighton
Drake,Akron
Drake,Texas
Drake,Virginia
Drake,Tennessee
Drake,St Peter's
Iowa St,Connecticut
Iowa St,Stetson
Iowa St,FL Atlantic
Iowa St,Northwestern
Iowa St,San Diego St
Iowa St,UAB
Iowa St,Auburn
Iowa St,Yale
Iowa St,BYU
Iowa St,Duquesne
Iowa St,Illinois
Iowa St,Morehead St
Iowa St,Washington St
Iowa St,Drake
Iowa St,Iowa St
Iowa St,S Dakota St
Iowa St,Houston
Iowa St,Longwood
Iowa St,Nebraska
Iowa St,Texas A&M
Iowa St,Wisconsin
Iowa St,James Madison
Iowa St,Duke
Iowa St,Vermont
Iowa St,Texas Tech
Iowa St,NC State
Iowa St,Kentucky
Iowa St,Oakland
Iowa St,Florida
Iowa St,Boise St
Iowa St,Marquette
Iowa St,WKU
Iowa St,North Carolina
Iowa St,Wagner
Iowa St,Mississippi St
Iowa St,Michigan St
Iowa St,St Mary's CA
Iowa St,Grand Canyon
Iowa St,Alabama
Iowa St,Charleston So
Iowa St,Clemson
Iowa St,New Mexico
Iowa St,Baylor
Iowa St,Colgate
Iowa St,Dayton
Iowa St,Nevada
Iowa St,Arizona
Iowa St,Long Beach St
Iowa St,Purdue
Iowa St,Montana St
Iowa St,Utah St
Iowa St,TCU
Iowa St,Gonzaga
Iowa St,McNeese St
Iowa St,Kansas
Iowa St,Samford
Iowa St,South Carolina
Iowa St,Oregon
Iowa St,Creighton
Iowa St,Akron
Iowa St,Texas
Iowa St,Virginia
Iowa St,Tennessee
Iowa St,St Peter's
S Dakota St,Connecticut
S Dakota St,Stetson
S Dakota St,FL Atlantic
S Dakota St,Northwestern
S Dakota St,San Diego St
S Dakota St,UAB
S Dakota St,Auburn
S Dakota St,Yale
S Dakota St,BYU
S Dakota St,Duquesne
S Dakota St,Illinois
S Dakota St,Morehead St
S Dakota St,Washington St
S Dakota St,Drake
S Dakota St,Iowa St
S Dakota St,S Dakota St
S Dakota St,Houston
S Dakota St,Longwood
S Dakota St,Nebraska
S Dakota St,Texas A&M
S Dakota St,Wisconsin
S Dakota St,James Madison
S Dakota St,Duke
S Dakota St,Vermont
S Dakota St,Texas Tech
S Dakota St,NC State
S Dakota St,Kentucky
S Dakota St,Oakland
S Dakota St,Florida
S Dakota St,Boise St
S Dakota St,Marquette
S Dakota St,WKU
S Dakota St,North Carolina
S Dakota St,Wagner
S Dakota St,Mississippi St
S Dakota St,Michigan St
S Dakota St,St Mary's CA
S Dakota St,Grand Canyon
S Dakota St,Alabama
S Dakota St,Charleston So
S Dakota St,Clemson
S Dakota St,New Mexico
S Dakota St,Baylor
S Dakota St,Colgate
S Dakota St,Dayton
S Dakota St,Nevada
S Dakota St,Arizona
S Dakota St,Long Beach St
S Dakota St,Purdue
S Dakota St,Montana St
S Dakota St,Utah St
S Dakota St,TCU
S Dakota St,Gonzaga
S Dakota St,McNeese St
S Dakota St,Kansas
S Dakota St,Samford
S Dakota St,South Carolina
S Dakota St,Oregon
S Dakota St,Creighton
S Dakota St,Akron
S Dakota St,Texas
S Dakota St,Virginia
S Dakota St,Tennessee
S Dakota St,St Peter's
Houston,Connecticut
Houston,Stetson
Houston,FL Atlantic
Houston,Northwestern
Houston,San Diego St
Houston,UAB
Houston,Auburn
Houston,Yale
Houston,BYU
Houston,Duquesne
Houston,Illinois
Houston,Morehead St
Houston,Washington St
Houston,Drake
Houston,Iowa St
Houston,S Dakota St
Houston,Houston
Houston,Longwood
Houston,Nebraska
Houston,Texas A&M
Houston,Wisconsin
Houston,James Madison
Houston,Duke
Houston,Vermont
Houston,Texas Tech
Houston,NC State
Houston,Kentucky
Houston,Oakland
Houston,Florida
Houston,Boise St
Houston,Marquette
Houston,WKU
Houston,North Carolina
Houston,Wagner
Houston,Mississippi St
Houston,Michigan St
Houston,St Mary's CA
Houston,Grand Canyon
Houston,Alabama
Houston,Charleston So
Houston,Clemson
Houston,New Mexico
Houston,Baylor
Houston,Colgate
Houston,Dayton
Houston,Nevada
Houston,Arizona
Houston,Long Beach St
Houston,Purdue
Houston,Montana St
Houston,Utah St
Houston,TCU
Houston,Gonzaga
Houston,McNeese St
Houston,Kansas
Houston,Samford
Houston,South Carolina
Houston,Oregon
Houston,Creighton
Houston,Akron
Houston,Texas
Houston,Virginia
Houston,Tennessee
Houston,St Peter's
Longwood,Connecticut
Longwood,Stetson
Longwood,FL Atlantic
Longwood,Northwestern
Longwood,San Diego St
Longwood,UAB
Longwood,Auburn
Longwood,Yale
Longwood,BYU
Longwood,Duquesne
Longwood,Illinois
Longwood,Morehead St
Longwood,Washington St
Longwood,Drake
Longwood,Iowa St
Longwood,S Dakota St
Longwood,Houston
Longwood,Longwood
Longwood,Nebraska
Longwood,Texas A&M
Longwood,Wisconsin
Longwood,James Madison
Longwood,Duke
Longwood,Vermont
Longwood,Texas Tech
Longwood,NC State
Longwood,Kentucky
Longwood,Oakland
Longwood,Florida
Longwood,Boise St
Longwood,Marquette
Longwood,WKU
Longwood,North Carolina
Longwood,Wagner
Longwood,Mississippi St
Longwood,Michigan St
Longwood,St Mary's CA
Longwood,Grand Canyon
Longwood,Alabama
Longwood,Charleston So
Longwood,Clemson
Longwood,New Mexico
Longwood,Baylor
Longwood,Colgate
Longwood,Dayton
Longwood,Nevada
Longwood,Arizona
Longwood,Long Beach St
Longwood,Purdue
Longwood,Montana St
Longwood,Utah St
Longwood,TCU
Longwood,Gonzaga
Longwood,McNeese St
Longwood,Kansas
Longwood,Samford
Longwood,South Carolina
Longwood,Oregon
Longwood,Creighton
Longwood,Akron
Longwood,Texas
Longwood,Virginia
Longwood,Tennessee
Longwood,St Peter's
Nebraska,Connecticut
Nebraska,Stetson
Nebraska,FL Atlantic
Nebraska,Northwestern
Nebraska,San Diego St
Nebraska,UAB
Nebraska,Auburn
Nebraska,Yale
Nebraska,BYU
Nebraska,Duquesne
Nebraska,Illinois
Nebraska,Morehead St
Nebraska,Washington St
Nebraska,Drake
Nebraska,Iowa St
Nebraska,S Dakota St
Nebraska,Houston
Nebraska,Longwood
Nebraska,Nebraska
Nebraska,Texas A&M
Nebraska,Wisconsin
Nebraska,James Madison
Nebraska,Duke
Nebraska,Vermont
Nebraska,Texas Tech
Nebraska,NC State
Nebraska,Kentucky
Nebraska,Oakland
Nebraska,Florida
Nebraska,Boise St
Nebraska,Marquette
Nebraska,WKU
Nebraska,North Carolina
Nebraska,Wagner
Nebraska,Mississippi St
Nebraska,Michigan St
Nebraska,St Mary's CA
Nebraska,Grand Canyon
Nebraska,Alabama
Nebraska,Charleston So
Nebraska,Clemson
Nebraska,New Mexico
Nebraska,Baylor
Nebraska,Colgate
Nebraska,Dayton
Nebraska,Nevada
Nebraska,Arizona
Nebraska,Long Beach St
Nebraska,Purdue
Nebraska,Montana St
Nebraska,Utah St
Nebraska,TCU
Nebraska,Gonzaga
Nebraska,McNeese St
Nebraska,Kansas
Nebraska,Samford
Nebraska,South Carolina
Nebraska,Oregon
Nebraska,Creighton
Nebraska,Akron
Nebraska,Texas
Nebraska,Virginia
Nebraska,Tennessee
Nebraska,St Peter's
Texas A&M,Connecticut
Texas A&M,Stetson
Texas A&M,FL Atlantic
Texas A&M,Northwestern
Texas A&M,San Diego St
Texas A&M,UAB
Texas A&M,Auburn
Texas A&M,Yale
Texas A&M,BYU
Texas A&M,Duquesne
Texas A&M,Illinois
Texas A&M,Morehead St
Texas A&M,Washington St
Texas A&M,Drake
Texas A&M,Iowa St
Texas A&M,S Dakota St
Texas A&M,Houston
Texas A&M,Longwood
Texas A&M,Nebraska
Texas A&M,Texas A&M
Texas A&M,Wisconsin
Texas A&M,James Madison
Texas A&M,Duke
Texas A&M,Vermont
Texas A&M,Texas Tech
Texas A&M,NC State
Texas A&M,Kentucky
Texas A&M,Oakland
Texas A&M,Florida
Texas A&M,Boise St
Texas A&M,Marquette
Texas A&M,WKU
Texas A&M,North Carolina
Texas A&M,Wagner
Texas A&M,Mississippi St
Texas A&M,Michigan St
Texas A&M,St Mary's CA
Texas A&M,Grand Canyon
Texas A&M,Alabama
Texas A&M,Charleston So
Texas A&M,Clemson
Texas A&M,New Mexico
Texas A&M,Baylor
Texas A&M,Colgate
Texas A&M,Dayton
Texas A&M,Nevada
Texas A&M,Arizona
Texas A&M,Long Beach St
Texas A&M,Purdue
Texas A&M,Montana St
Texas A&M,Utah St
Texas A&M,TCU
Texas A&M,Gonzaga
Texas A&M,McNeese St
Texas A&M,Kansas
Texas A&M,Samford
Texas A&M,South Carolina
Texas A&M,Oregon
Texas A&M,Creighton
Texas A&M,Akron
Texas A&M,Texas
Texas A&M,Virginia
Texas A&M,Tennessee
Texas A&M,St Peter's
Wisconsin,Connecticut
Wisconsin,Stetson
Wisconsin,FL Atlantic
Wisconsin,Northwestern
Wisconsin,San Diego St
Wisconsin,UAB
Wisconsin,Auburn
Wisconsin,Yale
Wisconsin,BYU
Wisconsin,Duquesne
Wisconsin,Illinois
Wisconsin,Morehead St
Wisconsin,Washington St
Wisconsin,Drake
Wisconsin,Iowa St
Wisconsin,S Dakota St
Wisconsin,Houston
Wisconsin,Longwood
Wisconsin,Nebraska
Wisconsin,Texas A&M
Wisconsin,Wisconsin
Wisconsin,James Madison
Wisconsin,Duke
Wisconsin,Vermont
Wisconsin,Texas Tech
Wisconsin,NC State
Wisconsin,Kentucky
Wisconsin,Oakland
Wisconsin,Florida
Wisconsin,Boise St
Wisconsin,Marquette
Wisconsin,WKU
Wisconsin,North Carolina
Wisconsin,Wagner
Wisconsin,Mississippi St
Wisconsin,Michigan St
Wisconsin,St Mary's CA
Wisconsin,Grand Canyon
Wisconsin,Alabama
Wisconsin,Charleston So
Wisconsin,Clemson
Wisconsin,New Mexico
Wisconsin,Baylor
Wisconsin,Colgate
Wisconsin,Dayton
Wisconsin,Nevada
Wisconsin,Arizona
Wisconsin,Long Beach St
Wisconsin,Purdue
Wisconsin,Montana St
Wisconsin,Utah St
Wisconsin,TCU
Wisconsin,Gonzaga
Wisconsin,McNeese St
Wisconsin,Kansas
Wisconsin,Samford
Wisconsin,South Carolina
Wisconsin,Oregon
Wisconsin,Creighton
Wisconsin,Akron
Wisconsin,Texas
Wisconsin,Virginia
Wisconsin,Tennessee
Wisconsin,St Peter's
James Madison,Connecticut
James Madison,Stetson
James Madison,FL Atlantic
James Madison,Northwestern
James Madison,San Diego St
James Madison,UAB
James Madison,Auburn
James Madison,Yale
James Madison,BYU
James Madison,Duquesne
James Madison,Illinois
James Madison,Morehead St
James Madison,Washington St
James Madison,Drake
James Madison,Iowa St
James Madison,S Dakota St
James Madison,Houston
James Madison,Longwood
James Madison,Nebraska
James Madison,Texas A&M
James Madison,Wisconsin
James Madison,James Madison
James Madison,Duke
James Madison,Vermont
James Madison,Texas Tech
James Madison,NC State
James Madison,Kentucky
James Madison,Oakland
James Madison,Florida
James Madison,Boise St
James Madison,Marquette
James Madison,WKU
James Madison,North Carolina
James Madison,Wagner
James Madison,Mississippi St
James Madison,Michigan St
James Madison,St Mary's CA
James Madison,Grand Canyon
James Madison,Alabama
James Madison,Charleston So
James Madison,Clemson
James Madison,New Mexico
James Madison,Baylor
James Madison,Colgate
James Madison,Dayton
James Madison,Nevada
James Madison,Arizona
James Madison,Long Beach St
James Madison,Purdue
James Madison,Montana St
James Madison,Utah St
James Madison,TCU
James Madison,Gonzaga
James Madison,McNeese St
James Madison,Kansas
James Madison,Samford
James Madison,South Carolina
James Madison,Oregon
James Madison,Creighton
James Madison,Akron
James Madison,Texas
James Madison,Virginia
James Madison,Tennessee
James Madison,St Peter's
Duke,Connecticut
Duke,Stetson
Duke,FL Atlantic
Duke,Northwestern
Duke,San Diego St
Duke,UAB
Duke,Auburn
Duke,Yale
Duke,BYU
Duke,Duquesne
Duke,Illinois
Duke,Morehead St
Duke,Washington St
Duke,Drake
Duke,Iowa St
Duke,S Dakota St
Duke,Houston
Duke,Longwood
Duke,Nebraska
Duke,Texas A&M
Duke,Wisconsin
Duke,James Madison
Duke,Duke
Duke,Vermont
Duke,Texas Tech
Duke,NC State
Duke,Kentucky
Duke,Oakland
Duke,Florida
Duke,Boise St
Duke,Marquette
Duke,WKU
Duke,North Carolina
Duke,Wagner
Duke,Mississippi St
Duke,Michigan St
Duke,St Mary's CA
Duke,Grand Canyon
Duke,Alabama
Duke,Charleston So
Duke,Clemson
Duke,New Mexico
Duke,Baylor
Duke,Colgate
Duke,Dayton
Duke,Nevada
Duke,Arizona
Duke,Long Beach St
Duke,Purdue
Duke,Montana St
Duke,Utah St
Duke,TCU
Duke,Gonzaga
Duke,McNeese St
Duke,Kansas
Duke,Samford
Duke,South Carolina
Duke,Oregon
Duke,Creighton
Duke,Akron
Duke,Texas
Duke,Virginia
Duke,Tennessee
Duke,St Peter's
Vermont,Connecticut
Vermont,Stetson
Vermont,FL Atlantic
Vermont,Northwestern
Vermont,San Diego St
Vermont,UAB
Vermont,Auburn
Vermont,Yale
Vermont,BYU
Vermont,Duquesne
Vermont,Illinois
Vermont,Morehead St
Vermont,Washington St
Vermont,Drake
Vermont,Iowa St
Vermont,S Dakota St
Vermont,Houston
Vermont,Longwood
Vermont,Nebraska
Vermont,Texas A&M
Vermont,Wisconsin
Vermont,James Madison
Vermont,Duke
Vermont,Vermont
Vermont,Texas Tech
Vermont,NC State
Vermont,Kentucky
Vermont,Oakland
Vermont,Florida
Vermont,Boise St
Vermont,Marquette
Vermont,WKU
Vermont,North Carolina
Vermont,Wagner
Vermont,Mississippi St
Vermont,Michigan St
Vermont,St Mary's CA
Vermont,Grand Canyon
Vermont,Alabama
Vermont,Charleston So
Vermont,Clemson
Vermont,New Mexico
Vermont,Baylor
Vermont,Colgate
Vermont,Dayton
Vermont,Nevada
Vermont,Arizona
Vermont,Long Beach St
Vermont,Purdue
Vermont,Montana St
Vermont,Utah St
Vermont,TCU
Vermont,Gonzaga
Vermont,McNeese St
Vermont,Kansas
Vermont,Samford
Vermont,South Carolina
Vermont,Oregon
Vermont,Creighton
Vermont,Akron
Vermont,Texas
Vermont,Virginia
Vermont,Tennessee
Vermont,St Peter's
Texas Tech,Connecticut
Texas Tech,Stetson
Texas Tech,FL Atlantic
Texas Tech,Northwestern
Texas Tech,San Diego St
Texas Tech,UAB
Texas Tech,Auburn
Texas Tech,Yale
Texas Tech,BYU
Texas Tech,Duquesne
Texas Tech,Illinois
Texas Tech,Morehead St
Texas Tech,Washington St
Texas Tech,Drake
Texas Tech,Iowa St
Texas Tech,S Dakota St
Texas Tech,Houston
Texas Tech,Longwood
Texas Tech,Nebraska
Texas Tech,Texas A&M
Texas Tech,Wisconsin
Texas Tech,James Madison
Texas Tech,Duke
Texas Tech,Vermont
Texas Tech,Texas Tech
Texas Tech,NC State
Texas Tech,Kentucky
Texas Tech,Oakland
Texas Tech,Florida
Texas Tech,Boise St
Texas Tech,Marquette
Texas Tech,WKU
Texas Tech,North Carolina
Texas Tech,Wagner
Texas Tech,Mississippi St
Texas Tech,Michigan St
Texas Tech,St Mary's CA
Texas Tech,Grand Canyon
Texas Tech,Alabama
Texas Tech,Charleston So
Texas Tech,Clemson
Texas Tech,New Mexico
Texas Tech,Baylor
Texas Tech,Colgate
Texas Tech,Dayton
Texas Tech,Nevada
Texas Tech,Arizona
Texas Tech,Long Beach St
Texas Tech,Purdue
Texas Tech,Montana St
Texas Tech,Utah St
Texas Tech,TCU
Texas Tech,Gonzaga
Texas Tech,McNeese St
Texas Tech,Kansas
Texas Tech,Samford
Texas Tech,South Carolina
Texas Tech,Oregon
Texas Tech,Creighton
Texas Tech,Akron
Texas Tech,Texas
Texas Tech,Virginia
Texas Tech,Tennessee
Texas Tech,St Peter's
NC State,Connecticut
NC State,Stetson
NC State,FL Atlantic
NC State,Northwestern
NC State,San Diego St
NC State,UAB
NC State,Auburn
NC State,Yale
NC State,BYU
NC State,Duquesne
NC State,Illinois
NC State,Morehead St
NC State,Washington St
NC State,Drake
NC State,Iowa St
NC State,S Dakota St
NC State,Houston
NC State,Longwood
NC State,Nebraska
NC State,Texas A&M
NC State,Wisconsin
NC State,James Madison
NC State,Duke
NC State,Vermont
NC State,Texas Tech
NC State,NC State
NC State,Kentucky
NC State,Oakland
NC State,Florida
NC State,Boise St
NC State,Marquette
NC State,WKU
NC State,North Carolina
NC State,Wagner
NC State,Mississippi St
NC State,Michigan St
NC State,St Mary's CA
NC State,Grand Canyon
NC State,Alabama
NC State,Charleston So
NC State,Clemson
NC State,New Mexico
NC State,Baylor
NC State,Colgate
NC State,Dayton
NC State,Nevada
NC State,Arizona
NC State,Long Beach St
NC State,Purdue
NC State,Montana St
NC State,Utah St
NC State,TCU
NC State,Gonzaga
NC State,McNeese St
NC State,Kansas
NC State,Samford
NC State,South Carolina
NC State,Oregon
NC State,Creighton
NC State,Akron
NC State,Texas
NC State,Virginia
NC State,Tennessee
NC State,St Peter's
Kentucky,Connecticut
Kentucky,Stetson
Kentucky,FL Atlantic
Kentucky,Northwestern
Kentucky,San Diego St
Kentucky,UAB
Kentucky,Auburn
Kentucky,Yale
Kentucky,BYU
Kentucky,Duquesne
Kentucky,Illinois
Kentucky,Morehead St
Kentucky,Washington St
Kentucky,Drake
Kentucky,Iowa St
Kentucky,S Dakota St
Kentucky,Houston
Kentucky,Longwood
Kentucky,Nebraska
Kentucky,Texas A&M
Kentucky,Wisconsin
Kentucky,James Madison
Kentucky,Duke
Kentucky,Vermont
Kentucky,Texas Tech
Kentucky,NC State
Kentucky,Kentucky
Kentucky,Oakland
Kentucky,Florida
Kentucky,Boise St
Kentucky,Marquette
Kentucky,WKU
Kentucky,North Carolina
Kentucky,Wagner
Kentucky,Mississippi St
Kentucky,Michigan St
Kentucky,St Mary's CA
Kentucky,Grand Canyon
Kentucky,Alabama
Kentucky,Charleston So
Kentucky,Clemson
Kentucky,New Mexico
Kentucky,Baylor
Kentucky,Colgate
Kentucky,Dayton
Kentucky,Nevada
Kentucky,Arizona
Kentucky,Long Beach St
Kentucky,Purdue
Kentucky,Montana St
Kentucky,Utah St
Kentucky,TCU
Kentucky,Gonzaga
Kentucky,McNeese St
Kentucky,Kansas
Kentucky,Samford
Kentucky,South Carolina
Kentucky,Oregon
Kentucky,Creighton
Kentucky,Akron
Kentucky,Texas
Kentucky,Virginia
Kentucky,Tennessee
Kentucky,St Peter's
Oakland,Connecticut
Oakland,Stetson
Oakland,FL Atlantic
Oakland,Northwestern
Oakland,San Diego St
Oakland,UAB
Oakland,Auburn
Oakland,Yale
Oakland,BYU
Oakland,Duquesne
Oakland,Illinois
Oakland,Morehead St
Oakland,Washington St
Oakland,Drake
Oakland,Iowa St
Oakland,S Dakota St
Oakland,Houston
Oakland,Longwood
Oakland,Nebraska
Oakland,Texas A&M
Oakland,Wisconsin
Oakland,James Madison
Oakland,Duke
Oakland,Vermont
Oakland,Texas Tech
Oakland,NC State
Oakland,Kentucky
Oakland,Oakland
Oakland,Florida
Oakland,Boise St
Oakland,Marquette
Oakland,WKU
Oakland,North Carolina
Oakland,Wagner
Oakland,Mississippi St
Oakland,Michigan St
Oakland,St Mary's CA
Oakland,Grand Canyon
Oakland,Alabama
Oakland,Charleston So
Oakland,Clemson
Oakland,New Mexico
Oakland,Baylor
Oakland,Colgate
Oakland,Dayton
Oakland,Nevada
Oakland,Arizona
Oakland,Long Beach St
Oakland,Purdue
Oakland,Montana St
Oakland,Utah St
Oakland,TCU
Oakland,Gonzaga
Oakland,McNeese St
Oakland,Kansas
Oakland,Samford
Oakland,South Carolina
Oakland,Oregon
Oakland,Creighton
Oakland,Akron
Oakland,Texas
Oakland,Virginia
Oakland,Tennessee
Oakland,St Peter's
Florida,Connecticut
Florida,Stetson
Florida,FL Atlantic
Florida,Northwestern
Florida,San Diego St
Florida,UAB
Florida,Auburn
Florida,Yale
Florida,BYU
Florida,Duquesne
Florida,Illinois
Florida,Morehead St
Florida,Washington St
Florida,Drake
Florida,Iowa St
Florida,S Dakota St
Florida,Houston
Florida,Longwood
Florida,Nebraska
Florida,Texas A&M
Florida,Wisconsin
Florida,James Madison
Florida,Duke
Florida,Vermont
Florida,Texas Tech
Florida,NC State
Florida,Kentucky
Florida,Oakland
Florida,Florida
Florida,Boise St
Florida,Marquette
Florida,WKU
Florida,North Carolina
Florida,Wagner
Florida,Mississippi St
Florida,Michigan St
Florida,St Mary's CA
Florida,Grand Canyon
Florida,Alabama
Florida,Charleston So
Florida,Clemson
Florida,New Mexico
Florida,Baylor
Florida,Colgate
Florida,Dayton
Florida,Nevada
Florida,Arizona
Florida,Long Beach St
Florida,Purdue
Florida,Montana St
Florida,Utah St
Florida,TCU
Florida,Gonzaga
Florida,McNeese St
Florida,Kansas
Florida,Samford
Florida,South Carolina
Florida,Oregon
Florida,Creighton
Florida,Akron
Florida,Texas
Florida,Virginia
Florida,Tennessee
Florida,St Peter's
Boise St,Connecticut
Boise St,Stetson
Boise St,FL Atlantic
Boise St,Northwestern
Boise St,San Diego St
Boise St,UAB
Boise St,Auburn
Boise St,Yale
Boise St,BYU
Boise St,Duquesne
Boise St,Illinois
Boise St,Morehead St
Boise St,Washington St
Boise St,Drake
Boise St,Iowa St
Boise St,S Dakota St
Boise St,Houston
Boise St,Longwood
Boise St,Nebraska
Boise St,Texas A&M
Boise St,Wisconsin
Boise St,James Madison
Boise St,Duke
Boise St,Vermont
Boise St,Texas Tech
Boise St,NC State
Boise St,Kentucky
Boise St,Oakland
Boise St,Florida
Boise St,Boise St
Boise St,Marquette
Boise St,WKU
Boise St,North Carolina
Boise St,Wagner
Boise St,Mississippi St
Boise St,Michigan St
Boise St,St Mary's CA
Boise St,Grand Canyon
Boise St,Alabama
Boise St,Charleston So
Boise St,Clemson
Boise St,New Mexico
Boise St,Baylor
Boise St,Colgate
Boise St,Dayton
Boise St,Nevada
Boise St,Arizona
Boise St,Long Beach St
Boise St,Purdue
Boise St,Montana St
Boise St,Utah St
Boise St,TCU
Boise St,Gonzaga
Boise St,McNeese St
Boise St,Kansas
Boise St,Samford
Boise St,South Carolina
Boise St,Oregon
Boise St,Creighton
Boise St,Akron
Boise St,Texas
Boise St,Virginia
Boise St,Tennessee
Boise St,St Peter's
Marquette,Connecticut
Marquette,Stetson
Marquette,FL Atlantic
Marquette,Northwestern
Marquette,San Diego St
Marquette,UAB
Marquette,Auburn
Marquette,Yale
Marquette,BYU
Marquette,Duquesne
Marquette,Illinois
Marquette,Morehead St
Marquette,Washington St
Marquette,Drake
Marquette,Iowa St
Marquette,S Dakota St
Marquette,Houston
Marquette,Longwood
Marquette,Nebraska
Marquette,Texas A&M
Marquette,Wisconsin
Marquette,James Madison
Marquette,Duke
Marquette,Vermont
Marquette,Texas Tech
Marquette,NC State
Marquette,Kentucky
Marquette,Oakland
Marquette,Florida
Marquette,Boise St
Marquette,Marquette
Marquette,WKU
Marquette,North Carolina
Marquette,Wagner
Marquette,Mississippi St
Marquette,Michigan St
Marquette,St Mary's CA
Marquette,Grand Canyon
Marquette,Alabama
Marquette,Charleston So
Marquette,Clemson
Marquette,New Mexico
Marquette,Baylor
Marquette,Colgate
Marquette,Dayton
Marquette,Nevada
Marquette,Arizona
Marquette,Long Beach St
Marquette,Purdue
Marquette,Montana St
Marquette,Utah St
Marquette,TCU
Marquette,Gonzaga
Marquette,McNeese St
Marquette,Kansas
Marquette,Samford
Marquette,South Carolina
Marquette,Oregon
Marquette,Creighton
Marquette,Akron
Marquette,Texas
Marquette,Virginia
Marquette,Tennessee
Marquette,St Peter's
WKU,Connecticut
WKU,Stetson
WKU,FL Atlantic
WKU,Northwestern
WKU,San Diego St
WKU,UAB
WKU,Auburn
WKU,Yale
WKU,BYU
WKU,Duquesne
WKU,Illinois
WKU,Morehead St
WKU,Washington St
WKU,Drake
WKU,Iowa St
WKU,S Dakota St
WKU,Houston
WKU,Longwood
WKU,Nebraska
WKU,Texas A&M
WKU,Wisconsin
WKU,James Madison
WKU,Duke
WKU,Vermont
WKU,Texas Tech
WKU,NC State
WKU,Kentucky
WKU,Oakland
WKU,Florida
WKU,Boise St
WKU,Marquette
WKU,WKU
WKU,North Carolina
WKU,Wagner
WKU,Mississippi St
WKU,Michigan St
WKU,St Mary's CA
WKU,Grand Canyon
WKU,Alabama
WKU,Charleston So
WKU,Clemson
WKU,New Mexico
WKU,Baylor
WKU,Colgate
WKU,Dayton
WKU,Nevada
WKU,Arizona
WKU,Long Beach St
WKU,Purdue
WKU,Montana St
WKU,Utah St
WKU,TCU
WKU,Gonzaga
WKU,McNeese St
WKU,Kansas
WKU,Samford
WKU,South Carolina
WKU,Oregon
WKU,Creighton
WKU,Akron
WKU,Texas
WKU,Virginia
WKU,Tennessee
WKU,St Peter's
North Carolina,Connecticut
North Carolina,Stetson
North Carolina,FL Atlantic
North Carolina,Northwestern
North Carolina,San Diego St
North Carolina,UAB
North Carolina,Auburn
North Carolina,Yale
North Carolina,BYU
North Carolina,Duquesne
North Carolina,Illinois
North Carolina,Morehead St
North Carolina,Washington St
North Carolina,Drake
North Carolina,Iowa St
North Carolina,S Dakota St
North Carolina,Houston
North Carolina,Longwood
North Carolina,Nebraska
North Carolina,Texas A&M
North Carolina,Wisconsin
North Carolina,James Madison
North Carolina,Duke
North Carolina,Vermont
North Carolina,Texas Tech
North Carolina,NC State
North Carolina,Kentucky
North Carolina,Oakland
North Carolina,Florida
North Carolina,Boise St
North Carolina,Marquette
North Carolina,WKU
North Carolina,North Carolina
North Carolina,Wagner
North Carolina,Mississippi St
North Carolina,Michigan St
North Carolina,St Mary's CA
North Carolina,Grand Canyon
North Carolina,Alabama
North Carolina,Charleston So
North Carolina,Clemson
North Carolina,New Mexico
North Carolina,Baylor
North Carolina,Colgate
North Carolina,Dayton
North Carolina,Nevada
North Carolina,Arizona
North Carolina,Long Beach St
North Carolina,Purdue
North Carolina,Montana St
North Carolina,Utah St
North Carolina,TCU
North Carolina,Gonzaga
North Carolina,McNeese St
North Carolina,Kansas
North Carolina,Samford
North Carolina,South Carolina
North Carolina,Oregon
North Carolina,Creighton
North Carolina,Akron
North Carolina,Texas
North Carolina,Virginia
North Carolina,Tennessee
North Carolina,St Peter's
Wagner,Connecticut
Wagner,Stetson
Wagner,FL Atlantic
Wagner,Northwestern
Wagner,San Diego St
Wagner,UAB
Wagner,Auburn
Wagner,Yale
Wagner,BYU
Wagner,Duquesne
Wagner,Illinois
Wagner,Morehead St
Wagner,Washington St
Wagner,Drake
Wagner,Iowa St
Wagner,S Dakota St
Wagner,Houston
Wagner,Longwood
Wagner,Nebraska
Wagner,Texas A&M
Wagner,Wisconsin
Wagner,James Madison
Wagner,Duke
Wagner,Vermont
Wagner,Texas Tech
Wagner,NC State
Wagner,Kentucky
Wagner,Oakland
Wagner,Florida
Wagner,Boise St
Wagner,Marquette
Wagner,WKU
Wagner,North Carolina
Wagner,Wagner
Wagner,Mississippi St
Wagner,Michigan St
Wagner,St Mary's CA
Wagner,Grand Canyon
Wagner,Alabama
Wagner,Charleston So
Wagner,Clemson
Wagner,New Mexico
Wagner,Baylor
Wagner,Colgate
Wagner,Dayton
Wagner,Nevada
Wagner,Arizona
Wagner,Long Beach St
Wagner,Purdue
Wagner,Montana St
Wagner,Utah St
Wagner,TCU
Wagner,Gonzaga
Wagner,McNeese St
Wagner,Kansas
Wagner,Samford
Wagner,South Carolina
Wagner,Oregon
Wagner,Creighton
Wagner,Akron
Wagner,Texas
Wagner,Virginia
Wagner,Tennessee
Wagner,St Peter's
Mississippi St,Connecticut
Mississippi St,Stetson
Mississippi St,FL Atlantic
Mississippi St,Northwestern
Mississippi St,San Diego St
Mississippi St,UAB
Mississippi St,Auburn
Mississippi St,Yale
Mississippi St,BYU
Mississippi St,Duquesne
Mississippi St,Illinois
Mississippi St,Morehead St
Mississippi St,Washington St
Mississippi St,Drake
Mississippi St,Iowa St
Mississippi St,S Dakota St
Mississippi St,Houston
Mississippi St,Longwood
Mississippi St,Nebraska
Mississippi St,Texas A&M
Mississippi St,Wisconsin
Mississippi St,James Madison
Mississippi St,Duke
Mississippi St,Vermont
Mississippi St,Texas Tech
Mississippi St,NC State
Mississippi St,Kentucky
Mississippi St,Oakland
Mississippi St,Florida
Mississippi St,Boise St
Mississippi St,Marquette
Mississippi St,WKU
Mississippi St,North Carolina
Mississippi St,Wagner
Mississippi St,Mississippi St
Mississippi St,Michigan St
Mississippi St,St Mary's CA
Mississippi St,Grand Canyon
Mississippi St,Alabama
Mississippi St,Charleston So
Mississippi St,Clemson
Mississippi St,New Mexico
Mississippi St,Baylor
Mississippi St,Colgate
Mississippi St,Dayton
Mississippi St,Nevada
Mississippi St,Arizona
Mississippi St,Long Beach St
Mississippi St,Purdue
Mississippi St,Montana St
Mississippi St,Utah St
Mississippi St,TCU
Mississippi St,Gonzaga
Mississippi St,McNeese St
Mississippi St,Kansas
Mississippi St,Samford
Mississippi St,South Carolina
Mississippi St,Oregon
Mississippi St,Creighton
Mississippi St,Akron
Mississippi St,Texas
Mississippi St,Virginia
Mississippi St,Tennessee
Mississippi St,St Peter's
Michigan St,Connecticut
Michigan St,Stetson
Michigan St,FL Atlantic
Michigan St,Northwestern
Michigan St,San Diego St
Michigan St,UAB
Michigan St,Auburn
Michigan St,Yale
Michigan St,BYU
Michigan St,Duquesne
Michigan St,Illinois
Michigan St,Morehead St
Michigan St,Washington St
Michigan St,Drake
Michigan St,Iowa St
Michigan St,S Dakota St
Michigan St,Houston
Michigan St,Longwood
Michigan St,Nebraska
Michigan St,Texas A&M
Michigan St,Wisconsin
Michigan St,James Madison
Michigan St,Duke
Michigan St,Vermont
Michigan St,Texas Tech
Michigan St,NC State
Michigan St,Kentucky
Michigan St,Oakland
Michigan St,Florida
Michigan St,Boise St
Michigan St,Marquette
Michigan St,WKU
Michigan St,North Carolina
Michigan St,Wagner
Michigan St,Mississippi St
Michigan St,Michigan St
Michigan St,St Mary's CA
Michigan St,Grand Canyon
Michigan St,Alabama
Michigan St,Charleston So
Michigan St,Clemson
Michigan St,New Mexico
Michigan St,Baylor
Michigan St,Colgate
Michigan St,Dayton
Michigan St,Nevada
Michigan St,Arizona
Michigan St,Long Beach St
Michigan St,Purdue
Michigan St,Montana St
Michigan St,Utah St
Michigan St,TCU
Michigan St,Gonzaga
Michigan St,McNeese St
Michigan St,Kansas
Michigan St,Samford
Michigan St,South Carolina
Michigan St,Oregon
Michigan St,Creighton
Michigan St,Akron
Michigan St,Texas
Michigan St,Virginia
Michigan St,Tennessee
Michigan St,St Peter's
St Mary's CA,Connecticut
St Mary's CA,Stetson
St Mary's CA,FL Atlantic
St Mary's CA,Northwestern
St Mary's CA,San Diego St
St Mary's CA,UAB
St Mary's CA,Auburn
St Mary's CA,Yale
St Mary's CA,BYU
St Mary's CA,Duquesne
St Mary's CA,Illinois
St Mary's CA,Morehead St
St Mary's CA,Washington St
St Mary's CA,Drake
St Mary's CA,Iowa St
St Mary's CA,S Dakota St
St Mary's CA,Houston
St Mary's CA,Longwood
St Mary's CA,Nebraska
St Mary's CA,Texas A&M
St Mary's CA,Wisconsin
St Mary's CA,James Madison
St Mary's CA,Duke
St Mary's CA,Vermont
St Mary's CA,Texas Tech
St Mary's CA,NC State
St Mary's CA,Kentucky
St Mary's CA,Oakland
St Mary's CA,Florida
St Mary's CA,Boise St
St Mary's CA,Marquette
St Mary's CA,WKU
St Mary's CA,North Carolina
St Mary's CA,Wagner
St Mary's CA,Mississippi St
St Mary's CA,Michigan St
St Mary's CA,St Mary's CA
St Mary's CA,Grand Canyon
St Mary's CA,Alabama
St Mary's CA,Charleston So
St Mary's CA,Clemson
St Mary's CA,New Mexico
St Mary's CA,Baylor
St Mary's CA,Colgate
St Mary's CA,Dayton
St Mary's CA,Nevada
St Mary's CA,Arizona
St Mary's CA,Long Beach St
St Mary's CA,Purdue
St Mary's CA,Montana St
St Mary's CA,Utah St
St Mary's CA,TCU
St Mary's CA,Gonzaga
St Mary's CA,McNeese St
St Mary's CA,Kansas
St Mary's CA,Samford
St Mary's CA,South Carolina
St Mary's CA,Oregon
St Mary's CA,Creighton
St Mary's CA,Akron
St Mary's CA,Texas
St Mary's CA,Virginia
St Mary's CA,Tennessee
St Mary's CA,St Peter's
Grand Canyon,Connecticut
Grand Canyon,Stetson
Grand Canyon,FL Atlantic
Grand Canyon,Northwestern
Grand Canyon,San Diego St
Grand Canyon,UAB
Grand Canyon,Auburn
Grand Canyon,Yale
Grand Canyon,BYU
Grand Canyon,Duquesne
Grand Canyon,Illinois
Grand Canyon,Morehead St
Grand Canyon,Washington St
Grand Canyon,Drake
Grand Canyon,Iowa St
Grand Canyon,S Dakota St
Grand Canyon,Houston
Grand Canyon,Longwood
Grand Canyon,Nebraska
Grand Canyon,Texas A&M
Grand Canyon,Wisconsin
Grand Canyon,James Madison
Grand Canyon,Duke
Grand Canyon,Vermont
Grand Canyon,Texas Tech
Grand Canyon,NC State
Grand Canyon,Kentucky
Grand Canyon,Oakland
Grand Canyon,Florida
Grand Canyon,Boise St
Grand Canyon,Marquette
Grand Canyon,WKU
Grand Canyon,North Carolina
Grand Canyon,Wagner
Grand Canyon,Mississippi St
Grand Canyon,Michigan St
Grand Canyon,St Mary's CA
Grand Canyon,Grand Canyon
Grand Canyon,Alabama
Grand Canyon,Charleston So
Grand Canyon,Clemson
Grand Canyon,New Mexico
Grand Canyon,Baylor
Grand Canyon,Colgate
Grand Canyon,Dayton
Grand Canyon,Nevada
Grand Canyon,Arizona
Grand Canyon,Long Beach St
Grand Canyon,Purdue
Grand Canyon,Montana St
Grand Canyon,Utah St
Grand Canyon,TCU
Grand Canyon,Gonzaga
Grand Canyon,McNeese St
Grand Canyon,Kansas
Grand Canyon,Samford
Grand Canyon,South Carolina
Grand Canyon,Oregon
Grand Canyon,Creighton
Grand Canyon,Akron
Grand Canyon,Texas
Grand Canyon,Virginia
Grand Canyon,Tennessee
Grand Canyon,St Peter's
Alabama,Connecticut
Alabama,Stetson
Alabama,FL Atlantic
Alabama,Northwestern
Alabama,San Diego St
Alabama,UAB
Alabama,Auburn
Alabama,Yale
Alabama,BYU
Alabama,Duquesne
Alabama,Illinois
Alabama,Morehead St
Alabama,Washington St
Alabama,Drake
Alabama,Iowa St
Alabama,S Dakota St
Alabama,Houston
Alabama,Longwood
Alabama,Nebraska
Alabama,Texas A&M
Alabama,Wisconsin
Alabama,James Madison
Alabama,Duke
Alabama,Vermont
Alabama,Texas Tech
Alabama,NC State
Alabama,Kentucky
Alabama,Oakland
Alabama,Florida
Alabama,Boise St
Alabama,Marquette
Alabama,WKU
Alabama,North Carolina
Alabama,Wagner
Alabama,Mississippi St
Alabama,Michigan St
Alabama,St Mary's CA
Alabama,Grand Canyon
Alabama,Alabama
Alabama,Charleston So
Alabama,Clemson
Alabama,New Mexico
Alabama,Baylor
Alabama,Colgate
Alabama,Dayton
Alabama,Nevada
Alabama,Arizona
Alabama,Long Beach St
Alabama,Purdue
Alabama,Montana St
Alabama,Utah St
Alabama,TCU
Alabama,Gonzaga
Alabama,McNeese St
Alabama,Kansas
Alabama,Samford
Alabama,South Carolina
Alabama,Oregon
Alabama,Creighton
Alabama,Akron
Alabama,Texas
Alabama,Virginia
Alabama,Tennessee
Alabama,St Peter's
Charleston So,Connecticut
Charleston So,Stetson
Charleston So,FL Atlantic
Charleston So,Northwestern
Charleston So,San Diego St
Charleston So,UAB
Charleston So,Auburn
Charleston So,Yale
Charleston So,BYU
Charleston So,Duquesne
Charleston So,Illinois
Charleston So,Morehead St
Charleston So,Washington St
Charleston So,Drake
Charleston So,Iowa St
Charleston So,S Dakota St
Charleston So,Houston
Charleston So,Longwood
Charleston So,Nebraska
Charleston So,Texas A&M
Charleston So,Wisconsin
Charleston So,James Madison
Charleston So,Duke
Charleston So,Vermont
Charleston So,Texas Tech
Charleston So,NC State
Charleston So,Kentucky
Charleston So,Oakland
Charleston So,Florida
Charleston So,Boise St
Charleston So,Marquette
Charleston So,WKU
Charleston So,North Carolina
Charleston So,Wagner
Charleston So,Mississippi St
Charleston So,Michigan St
Charleston So,St Mary's CA
Charleston So,Grand Canyon
Charleston So,Alabama
Charleston So,Charleston So
Charleston So,Clemson
Charleston So,New Mexico
Charleston So,Baylor
Charleston So,Colgate
Charleston So,Dayton
Charleston So,Nevada
Charleston So,Arizona
Charleston So,Long Beach St
Charleston So,Purdue
Charleston So,Montana St
Charleston So,Utah St
Charleston So,TCU
Charleston So,Gonzaga
Charleston So,McNeese St
Charleston So,Kansas
Charleston So,Samford
Charleston So,South Carolina
Charleston So,Oregon
Charleston So,Creighton
Charleston So,Akron
Charleston So,Texas
Charleston So,Virginia
Charleston So,Tennessee
Charleston So,St Peter's
Clemson,Connecticut
Clemson,Stetson
Clemson,FL Atlantic
Clemson,Northwestern
Clemson,San Diego St
Clemson,UAB
Clemson,Auburn
Clemson,Yale
Clemson,BYU
Clemson,Duquesne
Clemson,Illinois
Clemson,Morehead St
Clemson,Washington St
Clemson,Drake
Clemson,Iowa St
Clemson,S Dakota St
Clemson,Houston
Clemson,Longwood
Clemson,Nebraska
Clemson,Texas A&M
Clemson,Wisconsin
Clemson,James Madison
Clemson,Duke
Clemson,Vermont
Clemson,Texas Tech
Clemson,NC State
Clemson,Kentucky
Clemson,Oakland
Clemson,Florida
Clemson,Boise St
Clemson,Marquette
Clemson,WKU
Clemson,North Carolina
Clemson,Wagner
Clemson,Mississippi St
Clemson,Michigan St
Clemson,St Mary's CA
Clemson,Grand Canyon
Clemson,Alabama
Clemson,Charleston So
Clemson,Clemson
Clemson,New Mexico
Clemson,Baylor
Clemson,Colgate
Clemson,Dayton
Clemson,Nevada
Clemson,Arizona
Clemson,Long Beach St
Clemson,Purdue
Clemson,Montana St
Clemson,Utah St
Clemson,TCU
Clemson,Gonzaga
Clemson,McNeese St
Clemson,Kansas
Clemson,Samford
Clemson,South Carolina
Clemson,Oregon
Clemson,Creighton
Clemson,Akron
Clemson,Texas
Clemson,Virginia
Clemson,Tennessee
Clemson,St Peter's
New Mexico,Connecticut
New Mexico,Stetson
New Mexico,FL Atlantic
New Mexico,Northwestern
New Mexico,San Diego St
New Mexico,UAB
New Mexico,Auburn
New Mexico,Yale
New Mexico,BYU
New Mexico,Duquesne
New Mexico,Illinois
New Mexico,Morehead St
New Mexico,Washington St
New Mexico,Drake
New Mexico,Iowa St
New Mexico,S Dakota St
New Mexico,Houston
New Mexico,Longwood
New Mexico,Nebraska
New Mexico,Texas A&M
New Mexico,Wisconsin
New Mexico,James Madison
New Mexico,Duke
New Mexico,Vermont
New Mexico,Texas Tech
New Mexico,NC State
New Mexico,Kentucky
New Mexico,Oakland
New Mexico,Florida
New Mexico,Boise St
New Mexico,Marquette
New Mexico,WKU
New Mexico,North Carolina
New Mexico,Wagner
New Mexico,Mississippi St
New Mexico,Michigan St
New Mexico,St Mary's CA
New Mexico,Grand Canyon
New Mexico,Alabama
New Mexico,Charleston So
New Mexico,Clemson
New Mexico,New Mexico
New Mexico,Baylor
New Mexico,Colgate
New Mexico,Dayton
New Mexico,Nevada
New Mexico,Arizona
New Mexico,Long Beach St
New Mexico,Purdue
New Mexico,Montana St
New Mexico,Utah St
New Mexico,TCU
New Mexico,Gonzaga
New Mexico,McNeese St
New Mexico,Kansas
New Mexico,Samford
New Mexico,South Carolina
New Mexico,Oregon
New Mexico,Creighton
New Mexico,Akron
New Mexico,Texas
New Mexico,Virginia
New Mexico,Tennessee
New Mexico,St Peter's
Baylor,Connecticut
Baylor,Stetson
Baylor,FL Atlantic
Baylor,Northwestern
Baylor,San Diego St
Baylor,UAB
Baylor,Auburn
Baylor,Yale
Baylor,BYU
Baylor,Duquesne
Baylor,Illinois
Baylor,Morehead St
Baylor,Washington St
Baylor,Drake
Baylor,Iowa St
Baylor,S Dakota St
Baylor,Houston
Baylor,Longwood
Baylor,Nebraska
Baylor,Texas A&M
Baylor,Wisconsin
Baylor,James Madison
Baylor,Duke
Baylor,Vermont
Baylor,Texas Tech
Baylor,NC State
Baylor,Kentucky
Baylor,Oakland
Baylor,Florida
Baylor,Boise St
Baylor,Marquette
Baylor,WKU
Baylor,North Carolina
Baylor,Wagner
Baylor,Mississippi St
Baylor,Michigan St
Baylor,St Mary's CA
Baylor,Grand Canyon
Baylor,Alabama
Baylor,Charleston So
Baylor,Clemson
Baylor,New Mexico
Baylor,Baylor
Baylor,Colgate
Baylor,Dayton
Baylor,Nevada
Baylor,Arizona
Baylor,Long Beach St
Baylor,Purdue
Baylor,Montana St
Baylor,Utah St
Baylor,TCU
Baylor,Gonzaga
Baylor,McNeese St
Baylor,Kansas
Baylor,Samford
Baylor,South Carolina
Baylor,Oregon
Baylor,Creighton
Baylor,Akron
Baylor,Texas
Baylor,Virginia
Baylor,Tennessee
Baylor,St Peter's
Colgate,Connecticut
Colgate,Stetson
Colgate,FL Atlantic
Colgate,Northwestern
Colgate,San Diego St
Colgate,UAB
Colgate,Auburn
Colgate,Yale
Colgate,BYU
Colgate,Duquesne
Colgate,Illinois
Colgate,Morehead St
Colgate,Washington St
Colgate,Drake
Colgate,Iowa St
Colgate,S Dakota St
Colgate,Houston
Colgate,Longwood
Colgate,Nebraska
Colgate,Texas A&M
Colgate,Wisconsin
Colgate,James Madison
Colgate,Duke
Colgate,Vermont
Colgate,Texas Tech
Colgate,NC State
Colgate,Kentucky
Colgate,Oakland
Colgate,Florida
Colgate,Boise St
Colgate,Marquette
Colgate,WKU
Colgate,North Carolina
Colgate,Wagner
Colgate,Mississippi St
Colgate,Michigan St
Colgate,St Mary's CA
Colgate,Grand Canyon
Colgate,Alabama
Colgate,Charleston So
Colgate,Clemson
Colgate,New Mexico
Colgate,Baylor
Colgate,Colgate
Colgate,Dayton
Colgate,Nevada
Colgate,Arizona
Colgate,Long Beach St
Colgate,Purdue
Colgate,Montana St
Colgate,Utah St
Colgate,TCU
Colgate,Gonzaga
Colgate,McNeese St
Colgate,Kansas
Colgate,Samford
Colgate,South Carolina
Colgate,Oregon
Colgate,Creighton
Colgate,Akron
Colgate,Texas
Colgate,Virginia
Colgate,Tennessee
Colgate,St Peter's
Dayton,Connecticut
Dayton,Stetson
Dayton,FL Atlantic
Dayton,Northwestern
Dayton,San Diego St
Dayton,UAB
Dayton,Auburn
Dayton,Yale
Dayton,BYU
Dayton,Duquesne
Dayton,Illinois
Dayton,Morehead St
Dayton,Washington St
Dayton,Drake
Dayton,Iowa St
Dayton,S Dakota St
Dayton,Houston
Dayton,Longwood
Dayton,Nebraska
Dayton,Texas A&M
Dayton,Wisconsin
Dayton,James Madison
Dayton,Duke
Dayton,Vermont
Dayton,Texas Tech
Dayton,NC State
Dayton,Kentucky
Dayton,Oakland
Dayton,Florida
Dayton,Boise St
Dayton,Marquette
Dayton,WKU
Dayton,North Carolina
Dayton,Wagner
Dayton,Mississippi St
Dayton,Michigan St
Dayton,St Mary's CA
Dayton,Grand Canyon
Dayton,Alabama
Dayton,Charleston So
Dayton,Clemson
Dayton,New Mexico
Dayton,Baylor
Dayton,Colgate
Dayton,Dayton
Dayton,Nevada
Dayton,Arizona
Dayton,Long Beach St
Dayton,Purdue
Dayton,Montana St
Dayton,Utah St
Dayton,TCU
Dayton,Gonzaga
Dayton,McNeese St
Dayton,Kansas
Dayton,Samford
Dayton,South Carolina
Dayton,Oregon
Dayton,Creighton
Dayton,Akron
Dayton,Texas
Dayton,Virginia
Dayton,Tennessee
Dayton,St Peter's
Nevada,Connecticut
Nevada,Stetson
Nevada,FL Atlantic
Nevada,Northwestern
Nevada,San Diego St
Nevada,UAB
Nevada,Auburn
Nevada,Yale
Nevada,BYU
Nevada,Duquesne
Nevada,Illinois
Nevada,Morehead St
Nevada,Washington St
Nevada,Drake
Nevada,Iowa St
Nevada,S Dakota St
Nevada,Houston
Nevada,Longwood
Nevada,Nebraska
Nevada,Texas A&M
Nevada,Wisconsin
Nevada,James Madison
Nevada,Duke
Nevada,Vermont
Nevada,Texas Tech
Nevada,NC State
Nevada,Kentucky
Nevada,Oakland
Nevada,Florida
Nevada,Boise St
Nevada,Marquette
Nevada,WKU
Nevada,North Carolina
Nevada,Wagner
Nevada,Mississippi St
Nevada,Michigan St
Nevada,St Mary's CA
Nevada,Grand Canyon
Nevada,Alabama
Nevada,Charleston So
Nevada,Clemson
Nevada,New Mexico
Nevada,Baylor
Nevada,Colgate
Nevada,Dayton
Nevada,Nevada
Nevada,Arizona
Nevada,Long Beach St
Nevada,Purdue
Nevada,Montana St
Nevada,Utah St
Nevada,TCU
Nevada,Gonzaga
Nevada,McNeese St
Nevada,Kansas
Nevada,Samford
Nevada,South Carolina
Nevada,Oregon
Nevada,Creighton
Nevada,Akron
Nevada,Texas
Nevada,Virginia
Nevada,Tennessee
Nevada,St Peter's
Arizona,Connecticut
Arizona,Stetson
Arizona,FL Atlantic
Arizona,Northwestern
Arizona,San Diego St
Arizona,UAB
Arizona,Auburn
Arizona,Yale
Arizona,BYU
Arizona,Duquesne
Arizona,Illinois
Arizona,Morehead St
Arizona,Washington St
Arizona,Drake
Arizona,Iowa St
Arizona,S Dakota St
Arizona,Houston
Arizona,Longwood
Arizona,Nebraska
Arizona,Texas A&M
Arizona,Wisconsin
Arizona,James Madison
Arizona,Duke
Arizona,Vermont
Arizona,Texas Tech
Arizona,NC State
Arizona,Kentucky
Arizona,Oakland
Arizona,Florida
Arizona,Boise St
Arizona,Marquette
Arizona,WKU
Arizona,North Carolina
Arizona,Wagner
Arizona,Mississippi St
Arizona,Michigan St
Arizona,St Mary's CA
Arizona,Grand Canyon
Arizona,Alabama
Arizona,Charleston So
Arizona,Clemson
Arizona,New Mexico
Arizona,Baylor
Arizona,Colgate
Arizona,Dayton
Arizona,Nevada
Arizona,Arizona
Arizona,Long Beach St
Arizona,Purdue
Arizona,Montana St
Arizona,Utah St
Arizona,TCU
Arizona,Gonzaga
Arizona,McNeese St
Arizona,Kansas
Arizona,Samford
Arizona,South Carolina
Arizona,Oregon
Arizona,Creighton
Arizona,Akron
Arizona,Texas
Arizona,Virginia
Arizona,Tennessee
Arizona,St Peter's
Long Beach St,Connecticut
Long Beach St,Stetson
Long Beach St,FL Atlantic
Long Beach St,Northwestern
Long Beach St,San Diego St
Long Beach St,UAB
Long Beach St,Auburn
Long Beach St,Yale
Long Beach St,BYU
Long Beach St,Duquesne
Long Beach St,Illinois
Long Beach St,Morehead St
Long Beach St,Washington St
Long Beach St,Drake
Long Beach St,Iowa St
Long Beach St,S Dakota St
Long Beach St,Houston
Long Beach St,Longwood
Long Beach St,Nebraska
Long Beach St,Texas A&M
Long Beach St,Wisconsin
Long Beach St,James Madison
Long Beach St,Duke
Long Beach St,Vermont
Long Beach St,Texas Tech
Long Beach St,NC State
Long Beach St,Kentucky
Long Beach St,Oakland
Long Beach St,Florida
Long Beach St,Boise St
Long Beach St,Marquette
Long Beach St,WKU
Long Beach St,North Carolina
Long Beach St,Wagner
Long Beach St,Mississippi St
Long Beach St,Michigan St
Long Beach St,St Mary's CA
Long Beach St,Grand Canyon
Long Beach St,Alabama
Long Beach St,Charleston So
Long Beach St,Clemson
Long Beach St,New Mexico
Long Beach St,Baylor
Long Beach St,Colgate
Long Beach St,Dayton
Long Beach St,Nevada
Long Beach St,Arizona
Long Beach St,Long Beach St
Long Beach St,Purdue
Long Beach St,Montana St
Long Beach St,Utah St
Long Beach St,TCU
Long Beach St,Gonzaga
Long Beach St,McNeese St
Long Beach St,Kansas
Long Beach St,Samford
Long Beach St,South Carolina
Long Beach St,Oregon
Long Beach St,Creighton
Long Beach St,Akron
Long Beach St,Texas
Long Beach St,Virginia
Long Beach St,Tennessee
Long Beach St,St Peter's
Purdue,Connecticut
Purdue,Stetson
Purdue,FL Atlantic
Purdue,Northwestern
Purdue,San Diego St
Purdue,UAB
Purdue,Auburn
Purdue,Yale
Purdue,BYU
Purdue,Duquesne
Purdue,Illinois
Purdue,Morehead St
Purdue,Washington St
Purdue,Drake
Purdue,Iowa St
Purdue,S Dakota St
Purdue,Houston
Purdue,Longwood
Purdue,Nebraska
Purdue,Texas A&M
Purdue,Wisconsin
Purdue,James Madison
Purdue,Duke
Purdue,Vermont
Purdue,Texas Tech
Purdue,NC State
Purdue,Kentucky
Purdue,Oakland
Purdue,Florida
Purdue,Boise St
Purdue,Marquette
Purdue,WKU
Purdue,North Carolina
Purdue,Wagner
Purdue,Mississippi St
Purdue,Michigan St
Purdue,St Mary's CA
Purdue,Grand Canyon
Purdue,Alabama
Purdue,Charleston So
Purdue,Clemson
Purdue,New Mexico
Purdue,Baylor
Purdue,Colgate
Purdue,Dayton
Purdue,Nevada
Purdue,Arizona
Purdue,Long Beach St
Purdue,Purdue
Purdue,Montana St
Purdue,Utah St
Purdue,TCU
Purdue,Gonzaga
Purdue,McNeese St
Purdue,Kansas
Purdue,Samford
Purdue,South Carolina
Purdue,Oregon
Purdue,Creighton
Purdue,Akron
Purdue,Texas
Purdue,Virginia
Purdue,Tennessee
Purdue,St Peter's
Montana St,Connecticut
Montana St,Stetson
Montana St,FL Atlantic
Montana St,Northwestern
Montana St,San Diego St
Montana St,UAB
Montana St,Auburn
Montana St,Yale
Montana St,BYU
Montana St,Duquesne
Montana St,Illinois
Montana St,Morehead St
Montana St,Washington St
Montana St,Drake
Montana St,Iowa St
Montana St,S Dakota St
Montana St,Houston
Montana St,Longwood
Montana St,Nebraska
Montana St,Texas A&M
Montana St,Wisconsin
Montana St,James Madison
Montana St,Duke
Montana St,Vermont
Montana St,Texas Tech
Montana St,NC State
Montana St,Kentucky
Montana St,Oakland
Montana St,Florida
Montana St,Boise St
Montana St,Marquette
Montana St,WKU
Montana St,North Carolina
Montana St,Wagner
Montana St,Mississippi St
Montana St,Michigan St
Montana St,St Mary's CA
Montana St,Grand Canyon
Montana St,Alabama
Montana St,Charleston So
Montana St,Clemson
Montana St,New Mexico
Montana St,Baylor
Montana St,Colgate
Montana St,Dayton
Montana St,Nevada
Montana St,Arizona
Montana St,Long Beach St
Montana St,Purdue
Montana St,Montana St
Montana St,Utah St
Montana St,TCU
Montana St,Gonzaga
Montana St,McNeese St
Montana St,Kansas
Montana St,Samford
Montana St,South Carolina
Montana St,Oregon
Montana St,Creighton
Montana St,Akron
Montana St,Texas
Montana St,Virginia
Montana St,Tennessee
Montana St,St Peter's
Utah St,Connecticut
Utah St,Stetson
Utah St,FL Atlantic
Utah St,Northwestern
Utah St,San Diego St
Utah St,UAB
Utah St,Auburn
Utah St,Yale
Utah St,BYU
Utah St,Duquesne
Utah St,Illinois
Utah St,Morehead St
Utah St,Washington St
Utah St,Drake
Utah St,Iowa St
Utah St,S Dakota St
Utah St,Houston
Utah St,Longwood
Utah St,Nebraska
Utah St,Texas A&M
Utah St,Wisconsin
Utah St,James Madison
Utah St,Duke
Utah St,Vermont
Utah St,Texas Tech
Utah St,NC State
Utah St,Kentucky
Utah St,Oakland
Utah St,Florida
Utah St,Boise St
Utah St,Marquette
Utah St,WKU
Utah St,North Carolina
Utah St,Wagner
Utah St,Mississippi St
Utah St,Michigan St
Utah St,St Mary's CA
Utah St,Grand Canyon
Utah St,Alabama
Utah St,Charleston So
Utah St,Clemson
Utah St,New Mexico
Utah St,Baylor
Utah St,Colgate
Utah St,Dayton
Utah St,Nevada
Utah St,Arizona
Utah St,Long Beach St
Utah St,Purdue
Utah St,Montana St
Utah St,Utah St
Utah St,TCU
Utah St,Gonzaga
Utah St,McNeese St
Utah St,Kansas
Utah St,Samford
Utah St,South Carolina
Utah St,Oregon
Utah St,Creighton
Utah St,Akron
Utah St,Texas
Utah St,Virginia
Utah St,Tennessee
Utah St,St Peter's
TCU,Connecticut
TCU,Stetson
TCU,FL Atlantic
TCU,Northwestern
TCU,San Diego St
TCU,UAB
TCU,Auburn
TCU,Yale
TCU,BYU
TCU,Duquesne
TCU,Illinois
TCU,Morehead St
TCU,Washington St
TCU,Drake
TCU,Iowa St
TCU,S Dakota St
TCU,Houston
TCU,Longwood
TCU,Nebraska
TCU,Texas A&M
TCU,Wisconsin
TCU,James Madison
TCU,Duke
TCU,Vermont
TCU,Texas Tech
TCU,NC State
TCU,Kentucky
TCU,Oakland
TCU,Florida
TCU,Boise St
TCU,Marquette
TCU,WKU
TCU,North Carolina
TCU,Wagner
TCU,Mississippi St
TCU,Michigan St
TCU,St Mary's CA
TCU,Grand Canyon
TCU,Alabama
TCU,Charleston So
TCU,Clemson
TCU,New Mexico
TCU,Baylor
TCU,Colgate
TCU,Dayton
TCU,Nevada
TCU,Arizona
TCU,Long Beach St
TCU,Purdue
TCU,Montana St
TCU,Utah St
TCU,TCU
TCU,Gonzaga
TCU,McNeese St
TCU,Kansas
TCU,Samford
TCU,South Carolina
TCU,Oregon
TCU,Creighton
TCU,Akron
TCU,Texas
TCU,Virginia
TCU,Tennessee
TCU,St Peter's
Gonzaga,Connecticut
Gonzaga,Stetson
Gonzaga,FL Atlantic
Gonzaga,Northwestern
Gonzaga,San Diego St
Gonzaga,UAB
Gonzaga,Auburn
Gonzaga,Yale
Gonzaga,BYU
Gonzaga,Duquesne
Gonzaga,Illinois
Gonzaga,Morehead St
Gonzaga,Washington St
Gonzaga,Drake
Gonzaga,Iowa St
Gonzaga,S Dakota St
Gonzaga,Houston
Gonzaga,Longwood
Gonzaga,Nebraska
Gonzaga,Texas A&M
Gonzaga,Wisconsin
Gonzaga,James Madison
Gonzaga,Duke
Gonzaga,Vermont
Gonzaga,Texas Tech
Gonzaga,NC State
Gonzaga,Kentucky
Gonzaga,Oakland
Gonzaga,Florida
Gonzaga,Boise St
Gonzaga,Marquette
Gonzaga,WKU
Gonzaga,North Carolina
Gonzaga,Wagner
Gonzaga,Mississippi St
Gonzaga,Michigan St
Gonzaga,St Mary's CA
Gonzaga,Grand Canyon
Gonzaga,Alabama
Gonzaga,Charleston So
Gonzaga,Clemson
Gonzaga,New Mexico
Gonzaga,Baylor
Gonzaga,Colgate
Gonzaga,Dayton
Gonzaga,Nevada
Gonzaga,Arizona
Gonzaga,Long Beach St
Gonzaga,Purdue
Gonzaga,Montana St
Gonzaga,Utah St
Gonzaga,TCU
Gonzaga,Gonzaga
Gonzaga,McNeese St
Gonzaga,Kansas
Gonzaga,Samford
Gonzaga,South Carolina
Gonzaga,Oregon
Gonzaga,Creighton
Gonzaga,Akron
Gonzaga,Texas
Gonzaga,Virginia
Gonzaga,Tennessee
Gonzaga,St Peter's
McNeese St,Connecticut
McNeese St,Stetson
McNeese St,FL Atlantic
McNeese St,Northwestern
McNeese St,San Diego St
McNeese St,UAB
McNeese St,Auburn
McNeese St,Yale
McNeese St,BYU
McNeese St,Duquesne
McNeese St,Illinois
McNeese St,Morehead St
McNeese St,Washington St
McNeese St,Drake
McNeese St,Iowa St
McNeese St,S Dakota St
McNeese St,Houston
McNeese St,Longwood
McNeese St,Nebraska
McNeese St,Texas A&M
McNeese St,Wisconsin
McNeese St,James Madison
McNeese St,Duke
McNeese St,Vermont
McNeese St,Texas Tech
McNeese St,NC State
McNeese St,Kentucky
McNeese St,Oakland
McNeese St,Florida
McNeese St,Boise St
McNeese St,Marquette
McNeese St,WKU
McNeese St,North Carolina
McNeese St,Wagner
McNeese St,Mississippi St
McNeese St,Michigan St
McNeese St,St Mary's CA
McNeese St,Grand Canyon
McNeese St,Alabama
McNeese St,Charleston So
McNeese St,Clemson
McNeese St,New Mexico
McNeese St,Baylor
McNeese St,Colgate
McNeese St,Dayton
McNeese St,Nevada
McNeese St,Arizona
McNeese St,Long Beach St
McNeese St,Purdue
McNeese St,Montana St
McNeese St,Utah St
McNeese St,TCU
McNeese St,Gonzaga
McNeese St,McNeese St
McNeese St,Kansas
McNeese St,Samford
McNeese St,South Carolina
McNeese St,Oregon
McNeese St,Creighton
McNeese St,Akron
McNeese St,Texas
McNeese St,Virginia
McNeese St,Tennessee
McNeese St,St Peter's
Kansas,Connecticut
Kansas,Stetson
Kansas,FL Atlantic
Kansas,Northwestern
Kansas,San Diego St
Kansas,UAB
Kansas,Auburn
Kansas,Yale
Kansas,BYU
Kansas,Duquesne
Kansas,Illinois
Kansas,Morehead St
Kansas,Washington St
Kansas,Drake
Kansas,Iowa St
Kansas,S Dakota St
Kansas,Houston
Kansas,Longwood
Kansas,Nebraska
Kansas,Texas A&M
Kansas,Wisconsin
Kansas,James Madison
Kansas,Duke
Kansas,Vermont
Kansas,Texas Tech
Kansas,NC State
Kansas,Kentucky
Kansas,Oakland
Kansas,Florida
Kansas,Boise St
Kansas,Marquette
Kansas,WKU
Kansas,North Carolina
Kansas,Wagner
Kansas,Mississippi St
Kansas,Michigan St
Kansas,St Mary's CA
Kansas,Grand Canyon
Kansas,Alabama
Kansas,Charleston So
Kansas,Clemson
Kansas,New Mexico
Kansas,Baylor
Kansas,Colgate
Kansas,Dayton
Kansas,Nevada
Kansas,Arizona
Kansas,Long Beach St
Kansas,Purdue
Kansas,Montana St
Kansas,Utah St
Kansas,TCU
Kansas,Gonzaga
Kansas,McNeese St
Kansas,Kansas
Kansas,Samford
Kansas,South Carolina
Kansas,Oregon
Kansas,Creighton
Kansas,Akron
Kansas,Texas
Kansas,Virginia
Kansas,Tennessee
Kansas,St Peter's
Samford,Connecticut
Samford,Stetson
Samford,FL Atlantic
Samford,Northwestern
Samford,San Diego St
Samford,UAB
Samford,Auburn
Samford,Yale
Samford,BYU
Samford,Duquesne
Samford,Illinois
Samford,Morehead St
Samford,Washington St
Samford,Drake
Samford,Iowa St
Samford,S Dakota St
Samford,Houston
Samford,Longwood
Samford,Nebraska
Samford,Texas A&M
Samford,Wisconsin
Samford,James Madison
Samford,Duke
Samford,Vermont
Samford,Texas Tech
Samford,NC State
Samford,Kentucky
Samford,Oakland
Samford,Florida
Samford,Boise St
Samford,Marquette
Samford,WKU
Samford,North Carolina
Samford,Wagner
Samford,Mississippi St
Samford,Michigan St
Samford,St Mary's CA
Samford,Grand Canyon
Samford,Alabama
Samford,Charleston So
Samford,Clemson
Samford,New Mexico
Samford,Baylor
Samford,Colgate
Samford,Dayton
Samford,Nevada
Samford,Arizona
Samford,Long Beach St
Samford,Purdue
Samford,Montana St
Samford,Utah St
Samford,TCU
Samford,Gonzaga
Samford,McNeese St
Samford,Kansas
Samford,Samford
Samford,South Carolina
Samford,Oregon
Samford,Creighton
Samford,Akron
Samford,Texas
Samford,Virginia
Samford,Tennessee
Samford,St Peter's
South Carolina,Connecticut
South Carolina,Stetson
South Carolina,FL Atlantic
South Carolina,Northwestern
South Carolina,San Diego St
South Carolina,UAB
South Carolina,Auburn
South Carolina,Yale
South Carolina,BYU
South Carolina,Duquesne
South Carolina,Illinois
South Carolina,Morehead St
South Carolina,Washington St
South Carolina,Drake
South Carolina,Iowa St
South Carolina,S Dakota St
South Carolina,Houston
South Carolina,Longwood
South Carolina,Nebraska
South Carolina,Texas A&M
South Carolina,Wisconsin
South Carolina,James Madison
South Carolina,Duke
South Carolina,Vermont
South Carolina,Texas Tech
South Carolina,NC State
South Carolina,Kentucky
South Carolina,Oakland
South Carolina,Florida
South Carolina,Boise St
South Carolina,Marquette
South Carolina,WKU
South Carolina,North Carolina
South Carolina,Wagner
South Carolina,Mississippi St
South Carolina,Michigan St
South Carolina,St Mary's CA
South Carolina,Grand Canyon
South Carolina,Alabama
South Carolina,Charleston So
South Carolina,Clemson
South Carolina,New Mexico
South Carolina,Baylor
South Carolina,Colgate
South Carolina,Dayton
South Carolina,Nevada
South Carolina,Arizona
South Carolina,Long Beach St
South Carolina,Purdue
South Carolina,Montana St
South Carolina,Utah St
South Carolina,TCU
South Carolina,Gonzaga
South Carolina,McNeese St
South Carolina,Kansas
South Carolina,Samford
South Carolina,South Carolina
South Carolina,Oregon
South Carolina,Creighton
South Carolina,Akron
South Carolina,Texas
South Carolina,Virginia
South Carolina,Tennessee
South Carolina,St Peter's
Oregon,Connecticut
Oregon,Stetson
Oregon,FL Atlantic
Oregon,Northwestern
Oregon,San Diego St
Oregon,UAB
Oregon,Auburn
Oregon,Yale
Oregon,BYU
Oregon,Duquesne
Oregon,Illinois
Oregon,Morehead St
Oregon,Washington St
Oregon,Drake
Oregon,Iowa St
Oregon,S Dakota St
Oregon,Houston
Oregon,Longwood
Oregon,Nebraska
Oregon,Texas A&M
Oregon,Wisconsin
Oregon,James Madison
Oregon,Duke
Oregon,Vermont
Oregon,Texas Tech
Oregon,NC State
Oregon,Kentucky
Oregon,Oakland
Oregon,Florida
Oregon,Boise St
Oregon,Marquette
Oregon,WKU
Oregon,North Carolina
Oregon,Wagner
Oregon,Mississippi St
Oregon,Michigan St
Oregon,St Mary's CA
Oregon,Grand Canyon
Oregon,Alabama
Oregon,Charleston So
Oregon,Clemson
Oregon,New Mexico
Oregon,Baylor
Oregon,Colgate
Oregon,Dayton
Oregon,Nevada
Oregon,Arizona
Oregon,Long Beach St
Oregon,Purdue
Oregon,Montana St
Oregon,Utah St
Oregon,TCU
Oregon,Gonzaga
Oregon,McNeese St
Oregon,Kansas
Oregon,Samford
Oregon,South Carolina
Oregon,Oregon
Oregon,Creighton
Oregon,Akron
Oregon,Texas
Oregon,Virginia
Oregon,Tennessee
Oregon,St Peter's
Creighton,Connecticut
Creighton,Stetson
Creighton,FL Atlantic
Creighton,Northwestern
Creighton,San Diego St
Creighton,UAB
Creighton,Auburn
Creighton,Yale
Creighton,BYU
Creighton,Duquesne
Creighton,Illinois
Creighton,Morehead St
Creighton,Washington St
Creighton,Drake
Creighton,Iowa St
Creighton,S Dakota St
Creighton,Houston
Creighton,Longwood
Creighton,Nebraska
Creighton,Texas A&M
Creighton,Wisconsin
Creighton,James Madison
Creighton,Duke
Creighton,Vermont
Creighton,Texas Tech
Creighton,NC State
Creighton,Kentucky
Creighton,Oakland
Creighton,Florida
Creighton,Boise St
Creighton,Marquette
Creighton,WKU
Creighton,North Carolina
Creighton,Wagner
Creighton,Mississippi St
Creighton,Michigan St
Creighton,St Mary's CA
Creighton,Grand Canyon
Creighton,Alabama
Creighton,Charleston So
Creighton,Clemson
Creighton,New Mexico
Creighton,Baylor
Creighton,Colgate
Creighton,Dayton
Creighton,Nevada
Creighton,Arizona
Creighton,Long Beach St
Creighton,Purdue
Creighton,Montana St
Creighton,Utah St
Creighton,TCU
Creighton,Gonzaga
Creighton,McNeese St
Creighton,Kansas
Creighton,Samford
Creighton,South Carolina
Creighton,Oregon
Creighton,Creighton
Creighton,Akron
Creighton,Texas
Creighton,Virginia
Creighton,Tennessee
Creighton,St Peter's
Akron,Connecticut
Akron,Stetson
Akron,FL Atlantic
Akron,Northwestern
Akron,San Diego St
Akron,UAB
Akron,Auburn
Akron,Yale
Akron,BYU
Akron,Duquesne
Akron,Illinois
Akron,Morehead St
Akron,Washington St
Akron,Drake
Akron,Iowa St
Akron,S Dakota St
Akron,Houston
Akron,Longwood
Akron,Nebraska
Akron,Texas A&M
Akron,Wisconsin
Akron,James Madison
Akron,Duke
Akron,Vermont
Akron,Texas Tech
Akron,NC State
Akron,Kentucky
Akron,Oakland
Akron,Florida
Akron,Boise St
Akron,Marquette
Akron,WKU
Akron,North Carolina
Akron,Wagner
Akron,Mississippi St
Akron,Michigan St
Akron,St Mary's CA
Akron,Grand Canyon
Akron,Alabama
Akron,Charleston So
Akron,Clemson
Akron,New Mexico
Akron,Baylor
Akron,Colgate
Akron,Dayton
Akron,Nevada
Akron,Arizona
Akron,Long Beach St
Akron,Purdue
Akron,Montana St
Akron,Utah St
Akron,TCU
Akron,Gonzaga
Akron,McNeese St
Akron,Kansas
Akron,Samford
Akron,South Carolina
Akron,Oregon
Akron,Creighton
Akron,Akron
Akron,Texas
Akron,Virginia
Akron,Tennessee
Akron,St Peter's
Texas,Connecticut
Texas,Stetson
Texas,FL Atlantic
Texas,Northwestern
Texas,San Diego St
Texas,UAB
Texas,Auburn
Texas,Yale
Texas,BYU
Texas,Duquesne
Texas,Illinois
Texas,Morehead St
Texas,Washington St
Texas,Drake
Texas,Iowa St
Texas,S Dakota St
Texas,Houston
Texas,Longwood
Texas,Nebraska
Texas,Texas A&M
Texas,Wisconsin
Texas,James Madison
Texas,Duke
Texas,Vermont
Texas,Texas Tech
Texas,NC State
Texas,Kentucky
Texas,Oakland
Texas,Florida
Texas,Boise St
Texas,Marquette
Texas,WKU
Texas,North Carolina
Texas,Wagner
Texas,Mississippi St
Texas,Michigan St
Texas,St Mary's CA
Texas,Grand Canyon
Texas,Alabama
Texas,Charleston So
Texas,Clemson
Texas,New Mexico
Texas,Baylor
Texas,Colgate
Texas,Dayton
Texas,Nevada
Texas,Arizona
Texas,Long Beach St
Texas,Purdue
Texas,Montana St
Texas,Utah St
Texas,TCU
Texas,Gonzaga
Texas,McNeese St
Texas,Kansas
Texas,Samford
Texas,South Carolina
Texas,Oregon
Texas,Creighton
Texas,Akron
Texas,Texas
Texas,Virginia
Texas,Tennessee
Texas,St Peter's
Virginia,Connecticut
Virginia,Stetson
Virginia,FL Atlantic
Virginia,Northwestern
Virginia,San Diego St
Virginia,UAB
Virginia,Auburn
Virginia,Yale
Virginia,BYU
Virginia,Duquesne
Virginia,Illinois
Virginia,Morehead St
Virginia,Washington St
Virginia,Drake
Virginia,Iowa St
Virginia,S Dakota St
Virginia,Houston
Virginia,Longwood
Virginia,Nebraska
Virginia,Texas A&M
Virginia,Wisconsin
Virginia,James Madison
Virginia,Duke
Virginia,Vermont
Virginia,Texas Tech
Virginia,NC State
Virginia,Kentucky
Virginia,Oakland
Virginia,Florida
Virginia,Boise St
Virginia,Marquette
Virginia,WKU
Virginia,North Carolina
Virginia,Wagner
Virginia,Mississippi St
Virginia,Michigan St
Virginia,St Mary's CA
Virginia,Grand Canyon
Virginia,Alabama
Virginia,Charleston So
Virginia,Clemson
Virginia,New Mexico
Virginia,Baylor
Virginia,Colgate
Virginia,Dayton
Virginia,Nevada
Virginia,Arizona
Virginia,Long Beach St
Virginia,Purdue
Virginia,Montana St
Virginia,Utah St
Virginia,TCU
Virginia,Gonzaga
Virginia,McNeese St
Virginia,Kansas
Virginia,Samford
Virginia,South Carolina
Virginia,Oregon
Virginia,Creighton
Virginia,Akron
Virginia,Texas
Virginia,Virginia
Virginia,Tennessee
Virginia,St Peter's
Tennessee,Connecticut
Tennessee,Stetson
Tennessee,FL Atlantic
Tennessee,Northwestern
Tennessee,San Diego St
Tennessee,UAB
Tennessee,Auburn
Tennessee,Yale
Tennessee,BYU
Tennessee,Duquesne
Tennessee,Illinois
Tennessee,Morehead St
Tennessee,Washington St
Tennessee,Drake
Tennessee,Iowa St
Tennessee,S Dakota St
Tennessee,Houston
Tennessee,Longwood
Tennessee,Nebraska
Tennessee,Texas A&M
Tennessee,Wisconsin
Tennessee,James Madison
Tennessee,Duke
Tennessee,Vermont
Tennessee,Texas Tech
Tennessee,NC State
Tennessee,Kentucky
Tennessee,Oakland
Tennessee,Florida
Tennessee,Boise St
Tennessee,Marquette
Tennessee,WKU
Tennessee,North Carolina
Tennessee,Wagner
Tennessee,Mississippi St
Tennessee,Michigan St
Tennessee,St Mary's CA
Tennessee,Grand Canyon
Tennessee,Alabama
Tennessee,Charleston So
Tennessee,Clemson
Tennessee,New Mexico
Tennessee,Baylor
Tennessee,Colgate
Tennessee,Dayton
Tennessee,Nevada
Tennessee,Arizona
Tennessee,Long Beach St
Tennessee,Purdue
Tennessee,Montana St
Tennessee,Utah St
Tennessee,TCU
Tennessee,Gonzaga
Tennessee,McNeese St
Tennessee,Kansas
Tennessee,Samford
Tennessee,South Carolina
Tennessee,Oregon
Tennessee,Creighton
Tennessee,Akron
Tennessee,Texas
Tennessee,Virginia
Tennessee,Tennessee
Tennessee,St Peter's
St Peter's,Connecticut
St Peter's,Stetson
St Peter's,FL Atlantic
St Peter's,Northwestern
St Peter's,San Diego St
St Peter's,UAB
St Peter's,Auburn
St Peter's,Yale
St Peter's,BYU
St Peter's,Duquesne
St Peter's,Illinois
St Peter's,Morehead St
St Peter's,Washington St
St Peter's,Drake
St Peter's,Iowa St
St Peter's,S Dakota St
St Peter's,Houston
St Peter's,Longwood
St Peter's,Nebraska
St Peter's,Texas A&M
St Peter's,Wisconsin
St Peter's,James Madison
St Peter's,Duke
St Peter's,Vermont
St Peter's,Texas Tech
St Peter's,NC State
St Peter's,Kentucky
St Peter's,Oakland
St Peter's,Florida
St Peter's,Boise St
St Peter's,Marquette
St Peter's,WKU
St Peter's,North Carolina
St Peter's,Wagner
St Peter's,Mississippi St
St Peter's,Michigan St
St Peter's,St Mary's CA
St Peter's,Grand Canyon
St Peter's,Alabama
St Peter's,Charleston So
St Peter's,Clemson
St Peter's,New Mexico
St Peter's,Baylor
St Peter's,Colgate
St Peter's,Dayton
St Peter's,Nevada
St Peter's,Arizona
St Peter's,Long Beach St
St Peter's,Purdue
St Peter's,Montana St
St Peter's,Utah St
St Peter's,TCU
St Peter's,Gonzaga
St Peter's,McNeese St
St Peter's,Kansas
St Peter's,Samford
St Peter's,South Carolina
St Peter's,Oregon
St Peter's,Creighton
St Peter's,Akron
St Peter's,Texas
St Peter's,Virginia
St Peter's,Tennessee
St Peter's,St Peter's
